id,type,sentence,hasQuestion,question,answer,oov,gru_all,gru_obj,tf_all,tf_obj
0,0,Juan golpeó a la actriz en la calle en diez segundos.,True,La acción tuvo lugar en la calle.,SI,False,"[13.396, 15.4559, 1.0425, 2.0332, 14.4646, 2.563, 2.3316, 4.9773, 3.6245, 9.7251, 5.838]",14.4646,"[13.8078, 15.6002, 0.6611, 1.5091, 14.2109, 3.136, 1.8027, 5.2498, 3.7518, 9.1427, 5.3883]",14.2109
0,1,Juan golpeó a una actriz en la calle en diez segundos.,True,La acción tuvo lugar en la calle.,SI,False,"[13.396, 15.4559, 1.0425, 3.4247, 14.0008, 2.053, 2.155, 4.6862, 3.379, 9.6348, 5.9599]",14.0008,"[13.8078, 15.6002, 0.6611, 2.9302, 13.917, 2.9722, 1.8207, 5.349, 3.6132, 9.0363, 5.3453]",13.917
0,2,Juan golpeó a la piedra en la calle en diez segundos.,True,La acción tuvo lugar en la calle.,SI,False,"[13.396, 15.4559, 1.0425, 2.0332, 13.5794, 2.2499, 2.5759, 6.0214, 3.6844, 8.9934, 5.6634]",13.5794,"[13.8078, 15.6002, 0.6611, 1.5091, 14.6525, 2.7525, 1.5022, 4.6359, 3.7186, 8.8985, 5.5942]",14.6525
0,3,Juan golpeó la actriz en la calle en diez segundos.,True,La acción tuvo lugar en la calle.,SI,False,"[13.396, 15.4559, 4.7878, 14.3251, 3.2807, 2.2081, 4.3223, 3.9456, 9.5342, 5.7785]",14.3251,"[13.8078, 15.6002, 3.24, 15.5382, 3.6354, 1.8005, 5.3573, 3.7856, 9.1921, 5.3774]",15.5382
0,4,Juan golpeó una actriz en la calle en diez segundos.,True,La acción tuvo lugar en la calle.,SI,False,"[13.396, 15.4559, 6.4862, 14.596, 2.2092, 1.9358, 4.1546, 3.7645, 9.7438, 6.0103]",14.596,"[13.8078, 15.6002, 5.2468, 15.7388, 3.1222, 1.8506, 5.2724, 3.6205, 9.0712, 5.3399]",15.7388
0,5,Juan golpeó la piedra en la calle en diez segundos.,True,La acción tuvo lugar en la calle.,SI,False,"[13.396, 15.4559, 4.7878, 12.8654, 2.1753, 2.3801, 5.4705, 3.8063, 8.8403, 5.5784]",12.8654,"[13.8078, 15.6002, 3.24, 15.2804, 2.5427, 1.5017, 4.6264, 3.7188, 8.9792, 5.5809]",15.2804
1,0,Carlos asaltó a la conductora en el barrio en pocos instantes.,True,Carlos tardó mucho en hacer el asalto.,NO,False,"[13.3023, 13.7781, 1.9649, 1.6375, 13.693, 2.5186, 1.433, 6.2723, 4.5178, 7.5212, 7.0715]",13.693,"[13.8605, 14.2019, 2.0005, 1.7259, 13.6657, 3.4131, 1.0109, 7.3227, 4.7399, 8.3037, 9.3339]",13.6657
1,1,Carlos asaltó a una conductora en el barrio en pocos instantes.,True,Carlos tardó mucho en hacer el asalto.,NO,False,"[13.3023, 13.7781, 1.9649, 3.9083, 13.4712, 2.0066, 1.1642, 5.7196, 4.4686, 7.3071, 6.8969]",13.4712,"[13.8605, 14.2019, 2.0005, 3.1364, 12.6891, 2.605, 0.9583, 7.1427, 4.6694, 8.306, 9.415]",12.6891
1,2,Carlos asaltó a la camioneta en el barrio en pocos instantes.,True,Carlos tardó mucho en hacer el asalto.,NO,False,"[13.3023, 13.7781, 1.9649, 1.6375, 14.3506, 2.8202, 1.5244, 6.5946, 4.5238, 7.1443, 7.3235]",14.3506,"[13.8605, 14.2019, 2.0005, 1.7259, 14.391, 2.7223, 1.1257, 7.3104, 4.5827, 7.9401, 9.5747]",14.391
1,3,Carlos asaltó la conductora en el barrio en pocos instantes.,True,Carlos tardó mucho en hacer el asalto.,NO,False,"[13.3023, 13.7781, 3.4152, 14.2221, 3.0186, 1.453, 5.726, 4.8888, 7.431, 7.2484]",14.2221,"[13.8605, 14.2019, 2.2602, 14.4332, 3.5628, 0.9899, 7.3671, 4.8636, 8.3436, 9.3625]",14.4332
1,4,Carlos asaltó una conductora en el barrio en pocos instantes.,True,Carlos tardó mucho en hacer el asalto.,NO,False,"[13.3023, 13.7781, 5.3228, 14.2583, 2.0514, 1.1441, 5.5501, 4.8471, 7.4439, 7.0514]",14.2583,"[13.8605, 14.2019, 2.9561, 13.9578, 2.5633, 0.9504, 7.1336, 4.8717, 8.3308, 9.455]",13.9578
1,5,Carlos asaltó la camioneta en el barrio en pocos instantes.,True,Carlos tardó mucho en hacer el asalto.,NO,False,"[13.3023, 13.7781, 3.4152, 14.1286, 3.1384, 1.5455, 6.0977, 4.7796, 7.0393, 7.4764]",14.1286,"[13.8605, 14.2019, 2.2602, 14.3602, 2.6289, 1.1111, 7.4136, 4.6729, 8.0283, 9.6068]",14.3602
2,0,Simón pateó a la jugadora en la cancha en un instante.,True,La acción tuvo lugar en el parque.,NO,False,"[13.4307, 13.6805, 2.7374, 1.5678, 13.8531, 3.0309, 1.5632, 8.3554, 4.0023, 3.0904, 8.4207]",13.8531,"[13.8838, 13.7838, 2.3906, 1.7866, 13.6978, 3.2445, 1.7484, 5.8388, 4.0126, 2.9158, 7.4695]",13.6978
2,1,Simón pateó a una jugadora en la cancha en un instante.,True,La acción tuvo lugar en el parque.,NO,False,"[13.4307, 13.6805, 2.7374, 4.0077, 13.6517, 2.2501, 1.4876, 9.7205, 3.7822, 2.663, 8.3351]",13.6517,"[13.8838, 13.7838, 2.3906, 3.9307, 13.2384, 2.8156, 1.7681, 6.4704, 3.7721, 2.7218, 7.4141]",13.2384
2,2,Simón pateó a la pelota en la cancha en un instante.,True,La acción tuvo lugar en el parque.,NO,False,"[13.4307, 13.6805, 2.7374, 1.5678, 14.3815, 2.9014, 1.8283, 7.5892, 4.0371, 3.0263, 8.0844]",14.3815,"[13.8838, 13.7838, 2.3906, 1.7866, 14.1217, 2.5188, 1.7839, 5.4796, 3.853, 2.8583, 7.2912]",14.1217
2,3,Simón pateó la jugadora en la cancha en un instante.,True,La acción tuvo lugar en el parque.,NO,False,"[13.4307, 13.6805, 3.6509, 13.6526, 3.5127, 1.4247, 8.4875, 4.2761, 2.9385, 8.3469]",13.6526,"[13.8838, 13.7838, 3.458, 13.8493, 3.3516, 1.7482, 5.8356, 4.0155, 2.9424, 7.4724]",13.8493
2,4,Simón pateó una jugadora en la cancha en un instante.,True,La acción tuvo lugar en el parque.,NO,False,"[13.4307, 13.6805, 5.8572, 13.8042, 2.2591, 1.2795, 9.9699, 4.1454, 2.6889, 8.4146]",13.8042,"[13.8838, 13.7838, 4.0195, 13.9013, 2.9088, 1.8226, 6.4653, 3.8191, 2.7361, 7.4147]",13.9013
2,5,Simón pateó la pelota en la cancha en un instante.,True,La acción tuvo lugar en el parque.,NO,False,"[13.4307, 13.6805, 3.6509, 13.6989, 3.3132, 1.6577, 7.4701, 4.2169, 2.8405, 7.9941]",13.6989,"[13.8838, 13.7838, 3.458, 13.9054, 2.7503, 1.7749, 5.5542, 3.8417, 2.8898, 7.2992]",13.9054
3,0,Pablo secuestró a la turista en el aeropuerto durante una hora.,True,Lo que Pedro hizo fue un secuestro.,SI,False,"[13.3204, 13.5128, 2.2106, 1.7419, 14.0053, 2.6148, 1.4904, 5.0172, 6.1536, 2.4954, 6.6018]",14.0053,"[13.8676, 13.5597, 2.3868, 1.8134, 13.6376, 2.9445, 0.8991, 5.4696, 6.4001, 2.7787, 4.4403]",13.6376
3,1,Pablo secuestró a una turista en el aeropuerto durante una hora.,True,Lo que Pedro hizo fue un secuestro.,SI,False,"[13.3204, 13.5128, 2.2106, 3.7912, 13.2791, 2.1071, 1.213, 4.7464, 6.271, 2.2074, 6.3754]",13.2791,"[13.8676, 13.5597, 2.3868, 3.1982, 12.6078, 3.0242, 0.9059, 5.3964, 6.4898, 2.6976, 4.4114]",12.6078
3,2,Pablo secuestró a la camioneta en el aeropuerto durante una hora.,True,Lo que Pedro hizo fue un secuestro.,SI,False,"[13.3204, 13.5128, 2.2106, 1.7419, 14.1251, 2.8885, 1.4661, 4.8391, 6.1661, 2.5685, 6.441]",14.1251,"[13.8676, 13.5597, 2.3868, 1.8134, 14.1676, 2.821, 1.1942, 4.8987, 5.994, 2.8056, 4.0149]",14.1676
3,3,Pablo secuestró la turista en el aeropuerto durante una hora.,True,Lo que Pedro hizo fue un secuestro.,SI,False,"[13.3204, 13.5128, 2.7548, 14.4623, 2.8752, 1.4819, 4.5535, 6.1643, 2.4067, 6.6551]",14.4623,"[13.8676, 13.5597, 3.1491, 15.041, 2.7978, 0.8974, 5.3571, 6.4084, 2.7672, 4.5255]",15.041
3,4,Pablo secuestró una turista en el aeropuerto durante una hora.,True,Lo que Pedro hizo fue un secuestro.,SI,False,"[13.3204, 13.5128, 4.1729, 14.4876, 2.114, 1.1567, 4.3605, 6.3873, 2.0767, 6.3474]",14.4876,"[13.8676, 13.5597, 3.2532, 14.2883, 2.8695, 0.9183, 5.2667, 6.5439, 2.7005, 4.4913]",14.2883
3,5,Pablo secuestró la camioneta en el aeropuerto durante una hora.,True,Lo que Pedro hizo fue un secuestro.,SI,False,"[13.3204, 13.5128, 2.7548, 13.9941, 3.1516, 1.47, 4.3547, 6.167, 2.5045, 6.4839]",13.9941,"[13.8676, 13.5597, 3.1491, 14.2459, 2.7071, 1.1609, 4.8586, 5.9939, 2.7903, 4.1052]",14.2459
4,0,Jorge arrolló a la ciclista en la calle en un segundo.,False,,,False,"[13.3582, 13.9799, 0.9007, 1.3061, 14.7921, 2.6819, 2.2525, 5.4526, 3.9482, 2.9252, 5.0782]",14.7921,"[13.8538, 13.5752, 0.2657, 1.3294, 15.035, 3.203, 1.8966, 4.1124, 3.9174, 2.9694, 5.5111]",15.035
4,1,Jorge arrolló a una ciclista en la calle en un segundo.,False,,,False,"[13.3582, 13.9799, 0.9007, 3.5683, 14.0495, 2.1763, 2.1395, 5.2531, 3.7081, 2.576, 5.3772]",14.0495,"[13.8538, 13.5752, 0.2657, 3.1441, 14.134, 2.8148, 1.94, 4.0958, 3.7248, 2.8782, 5.6188]",14.134
4,2,Jorge arrolló a la valla en la calle en un segundo.,False,,,False,"[13.3582, 13.9799, 0.9007, 1.3061, 14.0349, 3.2063, 1.8334, 5.5035, 3.9103, 2.9303, 5.2037]",14.0349,"[13.8538, 13.5752, 0.2657, 1.3294, 14.0578, 4.0529, 1.9766, 3.6904, 4.0374, 3.1161, 5.7057]",14.0578
4,3,Jorge arrolló la ciclista en la calle en un segundo.,False,,,False,"[13.3582, 13.9799, 4.8722, 14.9315, 3.3216, 2.1042, 4.8101, 4.2061, 2.8424, 5.0733]",14.9315,"[13.8538, 13.5752, 5.8341, 15.1593, 3.3699, 1.9156, 4.2847, 4.0349, 3.0179, 5.5278]",15.1593
4,4,Jorge arrolló una ciclista en la calle en un segundo.,False,,,False,"[13.3582, 13.9799, 6.8841, 14.7089, 2.5352, 1.928, 4.8298, 4.0161, 2.6274, 5.5485]",14.7089,"[13.8538, 13.5752, 7.1109, 15.1037, 2.9963, 1.9846, 4.166, 3.7992, 2.9477, 5.651]",15.1037
4,5,Jorge arrolló la valla en la calle en un segundo.,False,,,False,"[13.3582, 13.9799, 4.8722, 13.9732, 3.6098, 1.6847, 5.1138, 4.14, 2.8302, 5.1975]",13.9732,"[13.8538, 13.5752, 5.8341, 13.4768, 4.1139, 1.9642, 3.897, 4.1549, 3.1762, 5.7287]",13.4768
5,0,Manuel abrazó a la señora en el parque en pocos instantes.,False,,,False,"[13.263, 13.7045, 1.3987, 1.42, 13.6753, 4.0551, 1.6735, 6.3192, 5.4556, 7.799, 7.2045]",13.6753,"[14.0411, 14.398, 0.702, 1.312, 14.98, 4.9783, 1.0015, 6.8518, 5.3233, 8.0035, 9.2093]",14.98
5,1,Manuel abrazó a una señora en el parque en pocos instantes.,False,,,False,"[13.263, 13.7045, 1.3987, 3.8743, 14.936, 3.1626, 1.4964, 5.8914, 5.3154, 7.6523, 7.1124]",14.936,"[14.0411, 14.398, 0.702, 3.4202, 13.2128, 3.5154, 0.9612, 6.6876, 5.2339, 8.0383, 9.319]",13.2128
5,2,Manuel abrazó a la planta en el parque en pocos instantes.,False,,,False,"[13.263, 13.7045, 1.3987, 1.42, 15.1912, 4.3973, 1.6869, 6.1903, 5.6076, 7.321, 7.3438]",15.1912,"[14.0411, 14.398, 0.702, 1.312, 14.4883, 3.9679, 1.1671, 5.9957, 5.3518, 8.1039, 9.3891]",14.4883
5,3,Manuel abrazó la señora en el parque en pocos instantes.,False,,,False,"[13.263, 13.7045, 4.3788, 13.4652, 5.0219, 1.7104, 5.7039, 5.7109, 7.7099, 7.3754]",13.4652,"[14.0411, 14.398, 5.0359, 15.0758, 4.8526, 0.9447, 6.8322, 5.4398, 8.1622, 9.2151]",15.0758
5,4,Manuel abrazó una señora en el parque en pocos instantes.,False,,,False,"[13.263, 13.7045, 6.5195, 15.0184, 3.3297, 1.5068, 5.4731, 5.5579, 7.7008, 7.3017]",15.0184,"[14.0411, 14.398, 6.3459, 14.422, 3.6189, 0.8956, 6.6102, 5.3673, 8.1908, 9.3116]",14.422
5,5,Manuel abrazó la planta en el parque en pocos instantes.,False,,,False,"[13.263, 13.7045, 4.3788, 14.8568, 4.3292, 1.7433, 5.9408, 5.7481, 7.2197, 7.4982]",14.8568,"[14.0411, 14.398, 5.0359, 14.1317, 3.9186, 1.138, 6.0275, 5.4999, 8.2823, 9.4077]",14.1317
6,0,Francisco besó a la novia en la iglesia durante unos segundos.,True,El beso tuvo lugar en un museo.,NO,False,"[13.2849, 14.122, 2.2292, 1.834, 14.7181, 3.2087, 2.0936, 5.4812, 5.7374, 5.9015, 4.9912]",14.7181,"[13.8273, 15.0506, 3.3455, 1.9062, 13.6247, 3.9177, 1.6936, 6.7109, 5.8057, 5.7411, 5.2518]",13.6247
6,1,Francisco besó a una novia en la iglesia durante unos segundos.,True,El beso tuvo lugar en un museo.,NO,False,"[13.2849, 14.122, 2.2292, 3.6965, 14.3187, 2.5749, 1.9792, 6.0173, 5.6347, 5.533, 5.0109]",14.3187,"[13.8273, 15.0506, 3.3455, 3.9256, 13.3789, 3.3102, 1.6853, 6.83, 5.8787, 5.4642, 5.258]",13.3789
6,2,Francisco besó a la cruz en la iglesia durante unos segundos.,True,El beso tuvo lugar en un museo.,NO,False,"[13.2849, 14.122, 2.2292, 1.834, 14.2439, 1.9845, 1.8076, 7.2837, 6.372, 6.2223, 5.4991]",14.2439,"[13.8273, 15.0506, 3.3455, 1.9062, 13.9871, 4.2855, 1.5799, 6.1347, 5.9492, 6.0298, 5.5407]",13.9871
6,3,Francisco besó la novia en la iglesia durante unos segundos.,True,El beso tuvo lugar en un museo.,NO,False,"[13.2849, 14.122, 4.3014, 15.357, 3.5946, 1.9606, 5.6011, 5.6835, 5.8831, 4.8764]",15.357,"[13.8273, 15.0506, 4.9138, 14.2381, 4.1173, 1.6662, 6.4882, 6.044, 5.7903, 5.204]",14.2381
6,4,Francisco besó una novia en la iglesia durante unos segundos.,True,El beso tuvo lugar en un museo.,NO,False,"[13.2849, 14.122, 6.0121, 15.4771, 2.741, 1.7509, 5.7253, 5.7858, 5.3511, 5.052]",15.4771,"[13.8273, 15.0506, 5.914, 15.4132, 3.315, 1.721, 6.5727, 6.104, 5.501, 5.2022]",15.4132
6,5,Francisco besó la cruz en la iglesia durante unos segundos.,True,El beso tuvo lugar en un museo.,NO,False,"[13.2849, 14.122, 4.3014, 13.8042, 2.5004, 1.6674, 7.1506, 6.7041, 6.3518, 5.3202]",13.8042,"[13.8273, 15.0506, 4.9138, 14.1548, 4.8871, 1.5591, 5.9799, 6.1761, 6.053, 5.4993]",14.1548
7,0,Tomás empujó a la vieja a la puerta en pocos segundos.,False,,,False,"[13.3141, 13.2086, 1.1607, 1.3351, 13.5154, 4.9191, 2.1889, 7.0749, 5.2776, 8.0838, 4.8398]",13.5154,"[13.764, 14.3532, 0.3528, 1.3805, 14.5655, 4.0575, 1.6694, 5.0125, 4.6994, 8.0972, 4.8413]",14.5655
7,1,Tomás empujó a una vieja a la puerta en pocos segundos.,False,,,False,"[13.3141, 13.2086, 1.1607, 3.5107, 13.7759, 4.6448, 2.2191, 6.2805, 5.3593, 7.9323, 4.8931]",13.7759,"[13.764, 14.3532, 0.3528, 3.3762, 13.7977, 5.2096, 1.747, 4.7963, 4.6276, 8.05, 4.8718]",13.7977
7,2,Tomás empujó a la silla a la puerta en pocos segundos.,False,,,False,"[13.3141, 13.2086, 1.1607, 1.3351, 14.5982, 3.766, 2.3973, 4.7337, 5.4243, 8.0458, 4.7942]",14.5982,"[13.764, 14.3532, 0.3528, 1.3805, 15.1686, 3.3698, 1.3509, 4.0433, 4.9442, 7.8674, 4.6326]",15.1686
7,3,Tomás empujó la vieja a la puerta en pocos segundos.,False,,,False,"[13.3141, 13.2086, 4.6676, 13.5246, 4.7907, 1.8081, 6.6107, 5.2756, 7.9936, 4.783]",13.5246,"[13.764, 14.3532, 3.7684, 15.5458, 3.1063, 1.5785, 5.0295, 4.647, 8.172, 4.8918]",15.5458
7,4,Tomás empujó una vieja a la puerta en pocos segundos.,False,,,False,"[13.3141, 13.2086, 6.6646, 14.0749, 3.824, 1.6653, 6.2549, 5.394, 8.0267, 4.9067]",14.0749,"[13.764, 14.3532, 5.4906, 15.0994, 3.7813, 1.7066, 4.8073, 4.5796, 8.1132, 4.9299]",15.0994
7,5,Tomás empujó la silla a la puerta en pocos segundos.,False,,,False,"[13.3141, 13.2086, 4.6676, 13.9863, 3.4442, 2.0902, 4.5808, 5.2698, 7.9056, 4.6673]",13.9863,"[13.764, 14.3532, 3.7684, 15.7596, 3.0428, 1.3391, 4.008, 4.8938, 7.9174, 4.6597]",15.7596
8,0,Helena colgó a la criminal en el patio en cinco minutos.,True,Helena estaba en el patio.,SI,False,"[13.4248, 12.8476, 2.296, 1.9342, 13.8056, 2.5865, 1.4691, 7.347, 5.6745, 6.9404, 2.4439]",13.8056,"[13.8085, 13.2655, 2.9302, 2.3732, 13.7141, 3.5448, 1.1092, 7.054, 4.6901, 7.1383, 2.17]",13.7141
8,1,Helena colgó a una criminal en el patio en cinco minutos.,True,Helena estaba en el patio.,SI,False,"[13.4248, 12.8476, 2.296, 3.0969, 13.7188, 2.0905, 1.2229, 7.0836, 5.5783, 6.6772, 2.5793]",13.7188,"[13.8085, 13.2655, 2.9302, 3.6824, 13.7955, 3.2326, 1.0754, 6.8916, 4.5302, 7.1411, 2.1041]",13.7955
8,2,Helena colgó a la fotografía en el patio en cinco minutos.,True,Helena estaba en el patio.,SI,False,"[13.4248, 12.8476, 2.296, 1.9342, 13.5689, 3.147, 1.6774, 6.5257, 5.4726, 7.0943, 2.3785]",13.5689,"[13.8085, 13.2655, 2.9302, 2.3732, 13.1489, 2.1486, 0.9771, 5.8873, 4.3474, 7.4357, 2.537]",13.1489
8,3,Helena colgó la criminal en el patio en cinco minutos.,True,Helena estaba en el patio.,SI,False,"[13.4248, 12.8476, 2.3756, 14.2566, 2.5248, 1.4242, 6.9004, 5.5672, 6.9114, 2.3904]",14.2566,"[13.8085, 13.2655, 2.3946, 14.7356, 3.3155, 1.086, 7.0296, 4.6362, 7.1197, 2.2546]",14.7356
8,4,Helena colgó una criminal en el patio en cinco minutos.,True,Helena estaba en el patio.,SI,False,"[13.4248, 12.8476, 3.5108, 14.1393, 2.0346, 1.1594, 6.9423, 5.6604, 6.7777, 2.4784]",14.1393,"[13.8085, 13.2655, 3.6802, 14.9387, 3.132, 1.0476, 6.8387, 4.4471, 7.1439, 2.1601]",14.9387
8,5,Helena colgó la fotografía en el patio en cinco minutos.,True,Helena estaba en el patio.,SI,False,"[13.4248, 12.8476, 2.3756, 13.299, 2.8833, 1.6742, 6.2743, 5.2745, 7.0904, 2.3232]",13.299,"[13.8085, 13.2655, 2.3946, 13.5499, 2.0703, 0.9664, 5.7678, 4.3217, 7.4582, 2.6879]",13.5499
9,0,Carlos quemó a la bruja en la plaza en pocos minutos.,True,Había fuego en la plaza.,SI,False,"[13.3023, 13.2624, 2.0103, 1.6007, 14.0389, 3.2879, 1.6646, 5.6197, 4.5544, 7.3893, 0.2854]",14.0389,"[13.8605, 14.5775, 2.1217, 1.6207, 14.1214, 3.0087, 1.7578, 5.3414, 4.0749, 8.9069, 0.3865]",14.1214
9,1,Carlos quemó a una bruja en la plaza en pocos minutos.,True,Había fuego en la plaza.,SI,False,"[13.3023, 13.2624, 2.0103, 3.8506, 13.8579, 2.6254, 1.5812, 5.4441, 4.4339, 7.277, 0.3264]",13.8579,"[13.8605, 14.5775, 2.1217, 3.414, 13.3141, 2.7603, 1.799, 5.2642, 3.8116, 8.949, 0.3516]",13.3141
9,2,Carlos quemó a la página en la plaza en pocos minutos.,True,Había fuego en la plaza.,SI,False,"[13.3023, 13.2624, 2.0103, 1.6007, 14.2641, 3.9123, 1.8113, 8.8047, 4.8375, 7.6696, 0.2005]",14.2641,"[13.8605, 14.5775, 2.1217, 1.6207, 15.064, 3.5853, 1.7269, 6.1226, 4.4314, 9.3663, 0.4438]",15.064
9,3,Carlos quemó la bruja en la plaza en pocos minutos.,True,Había fuego en la plaza.,SI,False,"[13.3023, 13.2624, 3.1693, 14.2032, 3.4636, 1.4967, 5.5639, 4.786, 7.2355, 0.2394]",14.2032,"[13.8605, 14.5775, 2.0507, 14.4526, 3.1864, 1.7509, 5.3867, 4.1913, 8.8696, 0.3415]",14.4526
9,4,Carlos quemó una bruja en la plaza en pocos minutos.,True,Había fuego en la plaza.,SI,False,"[13.3023, 13.2624, 5.0698, 14.2535, 2.6711, 1.3457, 5.5402, 4.8213, 7.3932, 0.3044]",14.2535,"[13.8605, 14.5775, 3.2344, 14.0973, 2.8868, 1.8067, 5.2438, 3.9051, 8.8901, 0.3109]",14.0973
9,5,Carlos quemó la página en la plaza en pocos minutos.,True,Había fuego en la plaza.,SI,False,"[13.3023, 13.2624, 3.1693, 14.204, 3.8627, 1.661, 8.8706, 5.0501, 7.4649, 0.1852]",14.204,"[13.8605, 14.5775, 2.0507, 15.8871, 3.3669, 1.7585, 5.9784, 4.553, 9.4072, 0.3995]",15.8871
10,0,Mateo eliminó a la rehén en el banco en pocos segundos.,False,,,False,"[13.5394, 12.6018, 1.2942, 1.568, 14.21, 3.0937, 1.5429, 6.6779, 5.8599, 6.6614, 5.3603]",14.21,"[14.083, 14.2226, 1.0643, 1.6864, 15.0659, 2.8447, 0.9603, 7.6547, 5.7193, 7.429, 5.1131]",15.0659
10,1,Mateo eliminó a una rehén en el banco en pocos segundos.,False,,,False,"[13.5394, 12.6018, 1.2942, 3.3214, 14.078, 2.3072, 1.2513, 5.7595, 5.8003, 6.6446, 5.2719]",14.078,"[14.083, 14.2226, 1.0643, 3.8583, 14.3323, 2.7057, 0.9371, 7.5199, 5.4063, 7.323, 5.1402]",14.3323
10,2,Mateo eliminó a la carpeta en el banco en pocos segundos.,False,,,False,"[13.5394, 12.6018, 1.2942, 1.568, 14.0276, 3.603, 1.6494, 6.8221, 5.6923, 6.4326, 5.1706]",14.0276,"[14.083, 14.2226, 1.0643, 1.6864, 15.9047, 3.8861, 0.9801, 7.7729, 5.7669, 7.2765, 4.8569]",15.9047
10,3,Mateo eliminó la rehén en el banco en pocos segundos.,False,,,False,"[13.5394, 12.6018, 2.683, 13.9115, 3.1368, 1.5574, 6.1671, 6.0583, 6.6488, 5.345]",13.9115,"[14.083, 14.2226, 2.1932, 15.5955, 2.9185, 0.9223, 7.4854, 5.747, 7.475, 5.1469]",15.5955
10,4,Mateo eliminó una rehén en el banco en pocos segundos.,False,,,False,"[13.5394, 12.6018, 4.1495, 14.1337, 2.2446, 1.2734, 5.5636, 6.01, 6.7472, 5.2972]",14.1337,"[14.083, 14.2226, 4.5241, 15.2657, 2.7695, 0.9189, 7.3595, 5.4306, 7.3514, 5.1841]",15.2657
10,5,Mateo eliminó la carpeta en el banco en pocos segundos.,False,,,False,"[13.5394, 12.6018, 2.683, 13.6686, 3.5312, 1.6702, 6.3988, 5.8905, 6.396, 5.1387]",13.6686,"[14.083, 14.2226, 2.1932, 16.4822, 3.7547, 0.9519, 7.5896, 5.8284, 7.3584, 4.8774]",16.4822
11,0,Valeria neutralizó a la criminal en la frontera en cinco minutos.,False,,,False,"[13.3863, 12.9299, 3.003, 1.6235, 14.0067, 2.5273, 1.8214, 4.0191, 4.1677, 8.2585, 3.8318]",14.0067,"[13.8011, 14.4952, 2.812, 1.6545, 14.0049, 3.9257, 1.7115, 3.3672, 5.2552, 7.5632, 1.748]",14.0049
11,1,Valeria neutralizó a una criminal en la frontera en cinco minutos.,False,,,False,"[13.3863, 12.9299, 3.003, 3.5787, 13.559, 1.9514, 1.7765, 4.6091, 3.8655, 7.9463, 4.0169]",13.559,"[13.8011, 14.4952, 2.812, 3.9737, 13.7357, 3.8774, 1.7167, 3.7006, 5.2026, 7.481, 1.6939]",13.7357
11,2,Valeria neutralizó a la bomba en la frontera en cinco minutos.,False,,,False,"[13.3863, 12.9299, 3.003, 1.6235, 14.1506, 3.0554, 2.2045, 3.9781, 4.2637, 8.3242, 3.354]",14.1506,"[13.8011, 14.4952, 2.812, 1.6545, 14.4397, 2.8864, 1.8461, 4.7403, 4.989, 7.381, 0.9613]",14.4397
11,3,Valeria neutralizó la criminal en la frontera en cinco minutos.,False,,,False,"[13.3863, 12.9299, 4.2316, 13.9228, 2.7867, 1.7135, 4.1564, 4.3333, 8.1259, 3.6382]",13.9228,"[13.8011, 14.4952, 3.8977, 14.309, 3.9115, 1.7203, 3.446, 5.2538, 7.6243, 1.7025]",14.309
11,4,Valeria neutralizó una criminal en la frontera en cinco minutos.,False,,,False,"[13.3863, 12.9299, 6.2506, 13.9842, 1.9331, 1.6144, 4.5783, 4.1243, 8.0111, 3.8137]",13.9842,"[13.8011, 14.4952, 5.801, 14.7017, 3.9445, 1.7415, 3.7583, 5.2032, 7.5433, 1.6467]",14.7017
11,5,Valeria neutralizó la bomba en la frontera en cinco minutos.,False,,,False,"[13.3863, 12.9299, 4.2316, 13.4937, 3.3187, 2.1111, 4.0748, 4.3485, 8.2472, 3.323]",13.4937,"[13.8011, 14.4952, 3.8977, 14.0556, 3.1518, 1.83, 4.8407, 5.0252, 7.4391, 0.9454]",14.0556
12,0,Paula abatió a la contrincante en el ring en pocos minutos.,True,El combate duró varias horas.,NO,False,"[13.3474, 13.0823, 1.9736, 1.377, 14.2819, 2.8784, 1.5025, 9.0973, 3.5148, 8.0354, 0.2319]",14.2819,"[13.7652, 14.0732, 0.7229, 1.6135, 14.6061, 2.8377, 1.0273, 8.4548, 3.4809, 8.0181, 0.3856]",14.6061
12,1,Paula abatió a una contrincante en el ring en pocos minutos.,True,El combate duró varias horas.,NO,False,"[13.3474, 13.0823, 1.9736, 3.6626, 14.0947, 2.2107, 1.2278, 8.8462, 3.246, 7.8815, 0.2829]",14.0947,"[13.7652, 14.0732, 0.7229, 3.2145, 14.1617, 2.5542, 1.0116, 8.4795, 3.3191, 8.0582, 0.3451]",14.1617
12,2,Paula abatió a la resistencia en el ring en pocos minutos.,True,El combate duró varias horas.,NO,False,"[13.3474, 13.0823, 1.9736, 1.377, 14.6612, 4.1253, 1.5899, 10.5695, 3.6481, 7.0955, 0.194]",14.6612,"[13.7652, 14.0732, 0.7229, 1.6135, 14.8315, 3.9973, 1.1936, 8.1524, 3.6377, 7.3991, 0.3295]",14.8315
12,3,Paula abatió la contrincante en el ring en pocos minutos.,True,El combate duró varias horas.,NO,False,"[13.3474, 13.0823, 4.1269, 14.0338, 3.1316, 1.5612, 8.8576, 3.7482, 7.9551, 0.1823]",14.0338,"[13.7652, 14.0732, 4.1057, 14.9381, 2.8176, 1.014, 8.3707, 3.4102, 8.0353, 0.3366]",14.9381
12,4,Paula abatió una contrincante en el ring en pocos minutos.,True,El combate duró varias horas.,NO,False,"[13.3474, 13.0823, 6.1846, 14.323, 2.1701, 1.271, 8.7841, 3.4934, 8.0171, 0.2239]",14.323,"[13.7652, 14.0732, 5.1278, 14.9714, 2.5289, 0.991, 8.379, 3.1934, 8.0807, 0.3029]",14.9714
12,5,Paula abatió la resistencia en el ring en pocos minutos.,True,El combate duró varias horas.,NO,False,"[13.3474, 13.0823, 4.1269, 14.0403, 4.1603, 1.6099, 10.225, 3.7308, 7.0856, 0.1587]",14.0403,"[13.7652, 14.0732, 4.1057, 14.3904, 4.0649, 1.1419, 8.077, 3.5499, 7.4305, 0.2867]",14.3904
13,0,Martina atropelló a la anciana en el aparcamiento en pocos minutos.,False,,,False,"[13.4571, 12.7432, 1.2496, 1.6604, 13.2466, 2.7014, 1.5736, 8.9521, 3.1411, 8.4255, 0.3131]",13.2466,"[13.8559, 13.4198, 0.3927, 1.7382, 12.6927, 2.3442, 1.0983, 9.2165, 2.5727, 7.6601, 0.3307]",12.6927
13,1,Martina atropelló a una anciana en el aparcamiento en pocos minutos.,False,,,False,"[13.4571, 12.7432, 1.2496, 3.1493, 12.7244, 2.3222, 1.3015, 9.4092, 2.8468, 8.4263, 0.4027]",12.7244,"[13.8559, 13.4198, 0.3927, 2.0005, 11.3597, 1.9292, 1.1119, 9.1669, 2.4792, 7.6231, 0.2987]",11.3597
13,2,Martina atropelló a la carreta en el aparcamiento en pocos minutos.,False,,,False,"[13.4571, 12.7432, 1.2496, 1.6604, 13.6967, 2.9903, 1.5589, 9.0974, 3.3143, 8.0682, 0.3]",13.6967,"[13.8559, 13.4198, 0.3927, 1.7382, 14.3621, 2.6649, 1.125, 9.0325, 2.7205, 7.6856, 0.3405]",14.3621
13,3,Martina atropelló la anciana en el aparcamiento en pocos minutos.,False,,,False,"[13.4571, 12.7432, 4.9305, 13.4837, 3.0632, 1.6041, 8.644, 3.3059, 8.1843, 0.2523]",13.4837,"[13.8559, 13.4198, 6.9146, 13.4919, 2.1813, 1.0527, 9.2686, 2.5338, 7.6201, 0.2844]",13.4919
13,4,Martina atropelló una anciana en el aparcamiento en pocos minutos.,False,,,False,"[13.4571, 12.7432, 6.512, 13.067, 2.4074, 1.3237, 8.9291, 3.0206, 8.3132, 0.3399]",13.067,"[13.8559, 13.4198, 7.3144, 12.3157, 1.8194, 1.0615, 9.2266, 2.4449, 7.5895, 0.2574]",12.3157
13,5,Martina atropelló la carreta en el aparcamiento en pocos minutos.,False,,,False,"[13.4571, 12.7432, 4.9305, 13.444, 3.2164, 1.6176, 8.6412, 3.4284, 7.8465, 0.2447]",13.444,"[13.8559, 13.4198, 6.9146, 14.2793, 2.6754, 1.088, 9.0902, 2.658, 7.6654, 0.2981]",14.2793
14,0,Helena derribó a la futbolista en el campo durante el partido.,True,Helena estaba jugando un partido de fútbol.,SI,False,"[13.4248, 13.0911, 2.5764, 1.8254, 13.708, 2.7765, 1.3974, 5.3418, 6.4596, 0.8904, 5.2473]",13.708,"[13.8085, 13.671, 2.0704, 1.9546, 14.0293, 3.6075, 0.8266, 4.0085, 6.6071, 0.8604, 3.3563]",14.0293
14,1,Helena derribó a una futbolista en el campo durante el partido.,True,Helena estaba jugando un partido de fútbol.,SI,False,"[13.4248, 13.0911, 2.5764, 3.3487, 13.7548, 2.2455, 1.1937, 4.9102, 6.5744, 0.911, 5.2161]",13.7548,"[13.8085, 13.671, 2.0704, 3.8689, 13.8682, 3.0816, 0.824, 3.9995, 6.6335, 0.8505, 3.404]",13.8682
14,2,Helena derribó a la barrera en el campo durante el partido.,True,Helena estaba en un campo de fútbol.,SI,False,"[13.4248, 13.0911, 2.5764, 1.8254, 13.4983, 3.001, 1.6124, 4.2678, 6.7227, 1.0144, 5.651]",13.4983,"[13.8085, 13.671, 2.0704, 1.9546, 13.9736, 3.3106, 1.1659, 3.8047, 6.7348, 0.9315, 4.2933]",13.9736
14,3,Helena derribó la futbolista en el campo durante el partido.,True,Helena estaba jugando un partido de fútbol.,SI,False,"[13.4248, 13.0911, 2.734, 13.8336, 3.1736, 1.3497, 4.9133, 6.4623, 0.8772, 5.2502]",13.8336,"[13.8085, 13.671, 2.6269, 15.0033, 3.6879, 0.8324, 3.7464, 6.7034, 0.825, 3.2807]",15.0033
14,4,Helena derribó una futbolista en el campo durante el partido.,True,Helena estaba jugando un partido de fútbol.,SI,False,"[13.4248, 13.0911, 4.1953, 14.1437, 2.278, 1.1349, 4.552, 6.6845, 0.9227, 5.2217]",14.1437,"[13.8085, 13.671, 3.1962, 15.6097, 2.9772, 0.823, 3.7796, 6.7276, 0.8244, 3.3334]",15.6097
14,5,Helena derribó la barrera en el campo durante el partido.,True,Helena estaba en un campo de fútbol.,SI,False,"[13.4248, 13.0911, 2.734, 12.9263, 3.0508, 1.5934, 3.8351, 6.6486, 1.0228, 5.5174]",12.9263,"[13.8085, 13.671, 2.6269, 13.9321, 3.4042, 1.1293, 3.6465, 6.7588, 0.8801, 4.2513]",13.9321
15,0,Lucía destrozó a la oponente en el bar en diez minutos.,True,Lucia estuvo en una pelea de bar.,SI,False,"[13.4272, 13.1131, 1.8692, 1.6587, 14.255, 2.722, 1.4763, 7.6419, 3.9078, 9.8517, 1.8654]",14.255,"[13.8495, 14.28, 2.4409, 1.8772, 14.5732, 2.6181, 1.0011, 8.6995, 3.6602, 8.7785, 1.0813]",14.5732
15,1,Lucía destrozó a una oponente en el bar en diez minutos.,True,Lucia estuvo en una pelea de bar.,SI,False,"[13.4272, 13.1131, 1.8692, 3.5611, 14.2444, 2.099, 1.1953, 7.5546, 3.5923, 9.5524, 2.0345]",14.2444,"[13.8495, 14.28, 2.4409, 3.9904, 13.9466, 2.672, 0.9971, 8.5073, 3.6797, 8.685, 1.0096]",13.9466
15,2,Lucía destrozó a la mesa en el bar en diez minutos.,True,Lucia estaba en un bar.,SI,False,"[13.4272, 13.1131, 1.8692, 1.6587, 14.682, 2.1192, 1.2755, 7.6878, 3.7459, 9.9529, 1.8952]",14.682,"[13.8495, 14.28, 2.4409, 1.8772, 14.3312, 4.2687, 1.1204, 8.5487, 3.7523, 8.9786, 1.1012]",14.3312
15,3,Lucía destrozó la oponente en el bar en diez minutos.,True,Lucia estuvo en una pelea de bar.,SI,False,"[13.4272, 13.1131, 3.0397, 14.1877, 2.9204, 1.5239, 7.1565, 4.2015, 9.9088, 1.7525]",14.1877,"[13.8495, 14.28, 2.035, 15.2409, 2.7469, 0.9562, 8.561, 3.6213, 8.8486, 0.9808]",15.2409
15,4,Lucía destrozó una oponente en el bar en diez minutos.,True,Lucia estuvo en una pelea de bar.,SI,False,"[13.4272, 13.1131, 4.6551, 14.6148, 2.0767, 1.2327, 7.1502, 3.9433, 9.761, 1.8694]",14.6148,"[13.8495, 14.28, 3.4259, 15.1307, 2.7733, 0.9752, 8.2733, 3.6162, 8.7313, 0.9138]",15.1307
15,5,Lucía destrozó la mesa en el bar en diez minutos.,True,Lucia estaba en un bar.,SI,False,"[13.4272, 13.1131, 3.0397, 13.8112, 2.1171, 1.3314, 7.1287, 4.0257, 10.0435, 1.8349]",13.8112,"[13.8495, 14.28, 2.035, 15.1939, 4.2385, 1.0548, 8.3578, 3.6812, 9.055, 0.989]",15.1939
16,0,Valentina venció a la adversaria en la guerra en dos años.,True,La guerra duró más de dos años.,NO,False,"[13.4705, 12.186, 0.9043, 1.4636, 14.3368, 2.9726, 1.5917, 6.0787, 4.4042, 6.5625, 2.4256]",14.3368,"[13.7697, 12.8445, 0.4782, 1.7789, 15.2268, 2.6358, 1.6861, 5.266, 3.8839, 6.278, 2.9373]",15.2268
16,1,Valentina venció a una adversaria en la guerra en dos años.,True,La guerra duró más de dos años.,NO,False,"[13.4705, 12.186, 0.9043, 3.1052, 14.4891, 2.2931, 1.5213, 6.2817, 4.2523, 6.3834, 2.1739]",14.4891,"[13.7697, 12.8445, 0.4782, 3.2465, 14.613, 2.4003, 1.7002, 5.8699, 3.8542, 6.3271, 2.9543]",14.613
16,2,Valentina venció a la resistencia en la guerra en dos años.,True,La guerra duró más de dos años.,NO,False,"[13.4705, 12.186, 0.9043, 1.4636, 14.6729, 4.0863, 1.9555, 6.0136, 4.4103, 6.6064, 2.4479]",14.6729,"[13.7697, 12.8445, 0.4782, 1.7789, 15.4797, 3.8496, 1.5973, 6.3679, 3.9426, 6.2099, 3.0473]",15.4797
16,3,Valentina venció la adversaria en la guerra en dos años.,True,La guerra duró más de dos años.,NO,False,"[13.4705, 12.186, 4.5604, 14.0441, 2.9787, 1.4446, 6.1571, 4.3442, 6.468, 2.489]",14.0441,"[13.7697, 12.8445, 4.3745, 15.4535, 2.714, 1.7064, 5.3285, 3.7887, 6.3056, 2.9975]",15.4535
16,4,Valentina venció una adversaria en la guerra en dos años.,True,La guerra duró más de dos años.,NO,False,"[13.4705, 12.186, 5.9952, 14.5967, 2.2577, 1.324, 6.4787, 4.3203, 6.456, 2.3651]",14.5967,"[13.7697, 12.8445, 5.9902, 15.4491, 2.4732, 1.7616, 5.9133, 3.7445, 6.3729, 3.0291]",15.4491
16,5,Valentina venció la resistencia en la guerra en dos años.,True,La guerra duró más de dos años.,NO,False,"[13.4705, 12.186, 4.5604, 13.9922, 3.9916, 1.8181, 6.1097, 4.1603, 6.5139, 2.5635]",13.9922,"[13.7697, 12.8445, 4.3745, 15.4345, 4.0233, 1.6597, 6.4598, 3.9119, 6.1929, 3.124]",15.4345
17,0,Luis zarandeó a la mujer en la casa durante algunos minutos.,False,,,True,"[13.3746, 14.4119, 5.8955, 1.8765, 15.1828, 3.4428, 1.6227, 6.4487, 5.4675, 7.4749, 3.6217]",15.1828,"[13.7604, 15.3071, 6.7357, 1.5956, 14.8596, 3.59, 1.736, 4.2551, 8.3106, 7.089, 4.0402]",14.8596
17,1,Luis zarandeó a una mujer en la casa durante algunos minutos.,False,,,True,"[13.3746, 14.4119, 5.8955, 4.3161, 13.595, 2.7411, 1.5216, 5.6122, 5.6501, 7.7614, 4.6772]",13.595,"[13.7604, 15.3071, 6.7357, 4.1951, 13.9206, 3.2043, 1.8216, 4.0741, 8.3666, 7.0737, 3.9629]",13.9206
17,2,Luis zarandeó a la muñeca en la casa durante algunos minutos.,False,,,True,"[13.3746, 14.4119, 5.8955, 1.8765, 14.7117, 4.1878, 1.6888, 5.1444, 5.9268, 6.7988, 2.8164]",14.7117,"[13.7604, 15.3071, 6.7357, 1.5956, 15.2675, 3.6928, 1.4694, 4.7753, 7.6321, 6.731, 3.1728]",15.2675
17,3,Luis zarandeó la mujer en la casa durante algunos minutos.,False,,,True,"[13.3746, 14.4119, 4.528, 15.5181, 3.8891, 1.481, 5.8576, 5.6081, 7.6336, 3.2596]",15.5181,"[13.7604, 15.3071, 7.1897, 14.4772, 4.2028, 1.7343, 4.1715, 8.6925, 7.4243, 3.9505]",14.4772
17,4,Luis zarandeó una mujer en la casa durante algunos minutos.,False,,,True,"[13.3746, 14.4119, 6.4028, 14.6189, 3.0081, 1.3072, 5.1466, 5.9824, 7.9172, 4.1209]",14.6189,"[13.7604, 15.3071, 7.8734, 13.4942, 3.4942, 1.8616, 4.0133, 8.7128, 7.3708, 3.8627]",13.4942
17,5,Luis zarandeó la muñeca en la casa durante algunos minutos.,False,,,True,"[13.3746, 14.4119, 4.528, 14.5298, 4.492, 1.5766, 4.6851, 5.917, 6.8868, 2.5966]",14.5298,"[13.7604, 15.3071, 7.1897, 15.252, 4.0667, 1.499, 4.6672, 7.8589, 7.0526, 3.1231]",15.252
18,0,María transportó a la mochilera en la furgoneta durante un día.,True,María iba en bicicleta.,NO,False,"[13.3561, 14.3801, 4.4587, 1.893, 14.4161, 3.1945, 1.6189, 13.6407, 5.1589, 2.5905, 4.7098]",14.4161,"[13.9965, 15.1776, 2.7258, 1.6212, 14.9521, 3.38, 1.5229, 14.1685, 4.9992, 2.2799, 3.5657]",14.9521
18,1,María transportó a una mochilera en la furgoneta durante un día.,True,María iba en bicicleta.,NO,False,"[13.3561, 14.3801, 4.4587, 4.0258, 13.9839, 2.4072, 1.5286, 14.1797, 5.0123, 2.2072, 4.7131]",13.9839,"[13.9965, 15.1776, 2.7258, 4.3288, 14.9442, 3.027, 1.5205, 14.1187, 5.1704, 2.11, 3.6058]",14.9442
18,2,María transportó a la guitarra en la furgoneta durante un día.,True,María iba en bicicleta.,NO,False,"[13.3561, 14.3801, 4.4587, 1.893, 13.8582, 3.3581, 2.0224, 13.4415, 5.0019, 2.5959, 4.7037]",13.8582,"[13.9965, 15.1776, 2.7258, 1.6212, 13.8273, 3.1987, 1.4787, 14.6591, 4.8639, 2.1775, 3.5011]",13.8273
18,3,María transportó la mochilera en la furgoneta durante un día.,True,María iba en bicicleta.,NO,False,"[13.3561, 14.3801, 4.753, 13.885, 3.3515, 1.4607, 13.6493, 5.2878, 2.5189, 4.6885]",13.885,"[13.9965, 15.1776, 3.3861, 15.2362, 3.2492, 1.4838, 14.1512, 4.9785, 2.3179, 3.5972]",15.2362
18,4,María transportó una mochilera en la furgoneta durante un día.,True,María iba en bicicleta.,NO,False,"[13.3561, 14.3801, 6.8416, 14.1277, 2.4023, 1.2998, 14.0676, 5.2402, 2.0386, 4.5633]",14.1277,"[13.9965, 15.1776, 6.0997, 15.7945, 2.9776, 1.5431, 14.0565, 5.1481, 2.1158, 3.6456]",15.7945
18,5,María transportó la guitarra en la furgoneta durante un día.,True,María iba en bicicleta.,NO,False,"[13.3561, 14.3801, 4.753, 13.3594, 3.6735, 1.8602, 13.5467, 5.108, 2.5246, 4.6637]",13.3594,"[13.9965, 15.1776, 3.3861, 13.9768, 3.3433, 1.4696, 14.5975, 4.8955, 2.2057, 3.5426]",13.9768
19,0,Lucas arrastró a la víctima en la calle por un tiempo.,False,,,False,"[13.2994, 13.2372, 1.2948, 1.3801, 14.0146, 2.9761, 1.9764, 5.4494, 2.8412, 3.1472, 6.2073]",14.0146,"[13.766, 14.0836, 0.4736, 1.6332, 13.4964, 3.2086, 1.7603, 4.2549, 2.7219, 2.7126, 7.0836]",13.4964
19,1,Lucas arrastró a una víctima en la calle por un tiempo.,False,,,False,"[13.2994, 13.2372, 1.2948, 3.5183, 13.6893, 2.2395, 1.9083, 5.3246, 2.5642, 2.7382, 6.387]",13.6893,"[13.766, 14.0836, 0.4736, 3.3604, 13.7006, 2.9566, 1.7627, 4.0777, 2.6775, 2.583, 7.1434]",13.7006
19,2,Lucas arrastró a la carreta en la calle por un tiempo.,False,,,False,"[13.2994, 13.2372, 1.2948, 1.3801, 14.1178, 3.076, 1.5348, 5.4152, 3.1115, 3.2884, 5.866]",14.1178,"[13.766, 14.0836, 0.4736, 1.6332, 14.5086, 2.8936, 1.6005, 4.5637, 3.1063, 3.066, 6.1738]",14.5086
19,3,Lucas arrastró la víctima en la calle por un tiempo.,False,,,False,"[13.2994, 13.2372, 3.6628, 14.4493, 3.4301, 1.9111, 5.129, 3.0445, 2.8885, 6.1742]",14.4493,"[13.766, 14.0836, 3.7259, 14.8966, 3.3762, 1.7396, 4.2614, 2.9463, 2.7096, 7.1219]",14.8966
19,4,Lucas arrastró una víctima en la calle por un tiempo.,False,,,False,"[13.2994, 13.2372, 5.455, 14.8756, 2.2043, 1.7216, 5.0482, 2.8615, 2.5943, 6.4578]",14.8756,"[13.766, 14.0836, 4.7069, 15.7586, 3.0178, 1.7665, 4.0802, 2.8923, 2.5636, 7.1976]",15.7586
19,5,Lucas arrastró la carreta en la calle por un tiempo.,False,,,False,"[13.2994, 13.2372, 3.6628, 13.939, 3.2379, 1.3739, 5.1972, 3.42, 3.0294, 5.7586]",13.939,"[13.766, 14.0836, 3.7259, 14.8895, 2.8925, 1.6031, 4.6656, 3.3312, 3.0538, 6.1775]",14.8895
20,0,Claudia maltrató a la compañera en la casa durante varios años.,False,,,False,"[13.3014, 13.1447, 2.116, 1.5253, 13.7081, 3.2026, 1.7187, 5.8972, 6.3321, 6.1756, 1.6744]",13.7081,"[13.7315, 14.4514, 0.9728, 1.6477, 13.7369, 3.1624, 1.9088, 4.3475, 6.8157, 5.6203, 1.3632]",13.7369
20,1,Claudia maltrató a una compañera en la casa durante varios años.,False,,,False,"[13.3014, 13.1447, 2.116, 3.8303, 13.0524, 2.4441, 1.638, 5.487, 6.4502, 6.1082, 1.4981]",13.0524,"[13.7315, 14.4514, 0.9728, 3.5138, 11.836, 2.8511, 1.9541, 4.4835, 6.9447, 5.5777, 1.4246]",11.836
20,2,Claudia maltrató a la camiseta en la casa durante varios años.,False,,,False,"[13.3014, 13.1447, 2.116, 1.5253, 14.1814, 3.2727, 1.7711, 5.7126, 5.9789, 6.0372, 1.8353]",14.1814,"[13.7315, 14.4514, 0.9728, 1.6477, 12.904, 3.9737, 1.3736, 6.3594, 6.7383, 5.7048, 1.571]",12.904
20,3,Claudia maltrató la compañera en la casa durante varios años.,False,,,False,"[13.3014, 13.1447, 4.2999, 14.181, 3.6716, 1.5902, 5.2775, 6.3848, 6.2464, 1.6707]",14.181,"[13.7315, 14.4514, 4.7851, 14.3981, 3.5328, 1.9199, 4.2745, 6.8636, 5.5329, 1.3992]",14.3981
20,4,Claudia maltrató una compañera en la casa durante varios años.,False,,,False,"[13.3014, 13.1447, 6.4307, 13.7963, 2.4913, 1.4744, 5.2455, 6.6367, 6.1886, 1.5981]",13.7963,"[13.7315, 14.4514, 5.5635, 13.4032, 3.0765, 2.0032, 4.3265, 7.0398, 5.5223, 1.4803]",13.4032
20,5,Claudia maltrató la camiseta en la casa durante varios años.,False,,,False,"[13.3014, 13.1447, 4.2999, 13.3547, 3.4437, 1.6567, 5.2367, 5.9325, 6.0665, 1.7979]",13.3547,"[13.7315, 14.4514, 4.7851, 12.2488, 3.9305, 1.4102, 6.1833, 6.8817, 5.6184, 1.6224]",12.2488
21,0,Hugo apaleó a la rebelde en la calle durante varios minutos.,False,,,False,"[13.327, 14.9599, 2.428, 1.8236, 15.2927, 2.8854, 1.8753, 5.3706, 5.9276, 6.3386, 4.7096]",15.2927,"[13.8611, 14.1347, 2.4924, 1.6709, 15.9103, 2.9358, 1.9634, 5.5438, 5.9147, 5.9614, 4.8464]",15.9103
21,1,Hugo apaleó a una rebelde en la calle durante varios minutos.,False,,,False,"[13.327, 14.9599, 2.428, 4.4326, 15.0744, 2.3642, 1.7653, 5.1076, 5.9096, 6.2987, 4.9649]",15.0744,"[13.8611, 14.1347, 2.4924, 4.3174, 14.4957, 2.9218, 2.0181, 5.9089, 5.8786, 5.9028, 4.8384]",14.4957
21,2,Hugo apaleó a la muñeca en la calle durante varios minutos.,False,,,False,"[13.327, 14.9599, 2.428, 1.8236, 14.7228, 3.5843, 1.7211, 4.0702, 5.868, 6.4044, 4.2721]",14.7228,"[13.8611, 14.1347, 2.4924, 1.6709, 14.4431, 3.6249, 1.5525, 5.0654, 6.2397, 6.0426, 4.3419]",14.4431
21,3,Hugo apaleó la rebelde en la calle durante varios minutos.,False,,,False,"[13.327, 14.9599, 3.8702, 14.6866, 3.2878, 1.7166, 4.9474, 5.8645, 6.3047, 4.5299]",14.6866,"[13.8611, 14.1347, 3.9955, 16.4294, 3.2589, 1.9945, 5.6358, 6.0922, 5.9312, 4.7233]",16.4294
21,4,Hugo apaleó una rebelde en la calle durante varios minutos.,False,,,False,"[13.327, 14.9599, 5.9181, 15.0825, 2.3963, 1.5378, 4.9192, 6.0064, 6.2768, 4.779]",15.0825,"[13.8611, 14.1347, 5.5406, 15.7144, 3.1431, 2.0594, 5.7926, 6.0102, 5.8836, 4.7162]",15.7144
21,5,Hugo apaleó la muñeca en la calle durante varios minutos.,False,,,False,"[13.327, 14.9599, 3.8702, 14.4004, 4.0027, 1.5753, 3.8541, 5.7044, 6.3597, 4.0852]",14.4004,"[13.8611, 14.1347, 3.9955, 14.5135, 4.0684, 1.5648, 5.1649, 6.3467, 6.0635, 4.2476]",14.5135
22,0,Carla asedió a la contrincante en la región durante bastante tiempo.,True,Hubo un asedio en la región.,SI,True,"[13.3693, 13.2191, 4.4948, 2.0387, 14.5711, 3.1517, 1.5036, 5.3936, 6.1578, 12.1289, 0.9653]",14.5711,"[13.7613, 14.2983, 5.8162, 1.9406, 14.4412, 3.2219, 1.6162, 5.5789, 5.5031, 11.2388, 0.4689]",14.4412
22,1,Carla asedió a una contrincante en la región durante bastante tiempo.,True,Hubo un asedio en la región.,SI,True,"[13.3693, 13.2191, 4.4948, 4.1898, 14.2646, 2.3176, 1.4551, 5.7749, 6.0678, 11.5853, 1.3375]",14.2646,"[13.7613, 14.2983, 5.8162, 4.0016, 14.0207, 2.9208, 1.6475, 5.8045, 5.5752, 11.1284, 0.4602]",14.0207
22,2,Carla asedió a la ciudad en la región durante bastante tiempo.,True,Hubo un asedio en la región.,SI,True,"[13.3693, 13.2191, 4.4948, 2.0387, 14.3671, 3.2677, 2.4175, 3.6436, 7.1107, 11.7336, 0.7929]",14.3671,"[13.7613, 14.2983, 5.8162, 1.9406, 15.1037, 4.3729, 1.9972, 5.0007, 5.9454, 11.436, 0.5166]",15.1037
22,3,Carla asedió la contrincante en la región durante bastante tiempo.,True,Hubo un asedio en la región.,SI,True,"[13.3693, 13.2191, 3.9838, 14.3303, 3.4118, 1.3374, 5.3115, 6.1299, 11.6855, 1.0402]",14.3303,"[13.7613, 14.2983, 6.6086, 14.59, 3.9636, 1.6087, 5.3877, 5.8286, 11.222, 0.4824]",14.59
22,4,Carla asedió una contrincante en la región durante bastante tiempo.,True,Hubo un asedio en la región.,SI,True,"[13.3693, 13.2191, 5.9045, 14.6694, 2.3341, 1.2785, 5.7283, 6.1498, 11.3041, 1.4402]",14.6694,"[13.7613, 14.2983, 7.3101, 14.6647, 2.9702, 1.6963, 5.5789, 5.8772, 11.0921, 0.4723]",14.6647
22,5,Carla asedió la ciudad en la región durante bastante tiempo.,True,Hubo un asedio en la región.,SI,True,"[13.3693, 13.2191, 3.9838, 13.7857, 4.0498, 2.5612, 3.6218, 7.3508, 11.2612, 0.9124]",13.7857,"[13.7613, 14.2983, 6.6086, 15.7659, 5.1416, 2.0319, 4.9069, 6.3494, 11.4168, 0.5274]",15.7659
23,0,Daniel remolcó a la enferma en la calle durante algunos minutos.,False,,,False,"[13.3022, 13.5079, 3.3602, 1.7198, 13.9137, 3.0729, 1.5341, 5.6432, 6.0968, 6.9644, 3.496]",13.9137,"[13.876, 14.2553, 3.3471, 1.7993, 14.0708, 2.767, 1.6529, 5.3499, 5.9715, 6.6308, 3.3835]",14.0708
23,1,Daniel remolcó a una enferma en la calle durante algunos minutos.,False,,,False,"[13.3022, 13.5079, 3.3602, 4.0038, 13.2458, 2.3843, 1.4595, 5.53, 6.058, 7.016, 3.6883]",13.2458,"[13.876, 14.2553, 3.3471, 3.9591, 13.1167, 2.598, 1.6721, 5.5211, 5.9562, 6.679, 3.2962]",13.1167
23,2,Daniel remolcó a la motocicleta en la calle durante algunos minutos.,False,,,False,"[13.3022, 13.5079, 3.3602, 1.7198, 14.2358, 3.2598, 1.8949, 4.7398, 6.0307, 6.9541, 3.2918]",14.2358,"[13.876, 14.2553, 3.3471, 1.7993, 14.407, 2.474, 1.8391, 4.6955, 5.9636, 6.84, 3.2772]",14.407
23,3,Daniel remolcó la enferma en la calle durante algunos minutos.,False,,,False,"[13.3022, 13.5079, 4.0706, 13.8079, 3.2932, 1.3681, 5.2919, 6.0771, 6.8813, 3.2813]",13.8079,"[13.876, 14.2553, 3.2406, 13.9711, 3.0349, 1.6596, 5.4454, 6.1304, 6.8325, 3.2537]",13.9711
23,4,Daniel remolcó una enferma en la calle durante algunos minutos.,False,,,False,"[13.3022, 13.5079, 6.1766, 13.6099, 2.3592, 1.2485, 5.4241, 6.1391, 6.9598, 3.4833]",13.6099,"[13.876, 14.2553, 4.6958, 13.4878, 2.7202, 1.7124, 5.5059, 6.0892, 6.8788, 3.1641]",13.4878
23,5,Daniel remolcó la motocicleta en la calle durante algunos minutos.,False,,,False,"[13.3022, 13.5079, 4.0706, 14.1672, 3.6838, 1.7424, 4.2958, 5.9745, 6.9442, 3.0496]",14.1672,"[13.876, 14.2553, 3.2406, 14.7189, 2.7174, 1.8266, 4.851, 6.105, 7.0716, 3.1435]",14.7189
24,0,Coral guió a la turista en el palacio en una hora.,False,,,False,"[13.6344, 12.9844, 1.6391, 1.4603, 13.408, 2.4617, 1.4519, 5.8391, 5.5263, 3.5106, 6.7443]",13.408,"[14.2096, 13.9628, 0.7437, 1.5701, 14.1727, 3.0464, 0.8213, 5.4061, 6.8463, 3.8205, 6.8932]",14.1727
24,1,Coral guió a una turista en el palacio en una hora.,False,,,False,"[13.6344, 12.9844, 1.6391, 3.3817, 13.0777, 2.0362, 1.1924, 5.7387, 5.5753, 2.9782, 6.5319]",13.0777,"[14.2096, 13.9628, 0.7437, 3.6118, 12.891, 2.9672, 0.8722, 5.4497, 6.7216, 3.7185, 6.8725]",12.891
24,2,Coral guió a la decisión en el palacio en una hora.,False,,,False,"[13.6344, 12.9844, 1.6391, 1.4603, 14.0468, 5.8531, 1.3254, 7.4421, 5.6091, 3.5856, 6.5865]",14.0468,"[14.2096, 13.9628, 0.7437, 1.5701, 15.8983, 4.5698, 0.865, 5.7107, 7.0375, 3.9618, 6.371]",15.8983
24,3,Coral guió la turista en el palacio en una hora.,False,,,False,"[13.6344, 12.9844, 3.9249, 13.5705, 2.7315, 1.4531, 5.5762, 5.8384, 3.2728, 6.8816]",13.5705,"[14.2096, 13.9628, 2.9199, 15.7422, 2.9381, 0.8167, 5.4711, 6.8392, 3.8128, 7.072]",15.7422
24,4,Coral guió una turista en el palacio en una hora.,False,,,False,"[13.6344, 12.9844, 5.6622, 13.6535, 2.0618, 1.1851, 5.3584, 5.9664, 2.9324, 6.5697]",13.6535,"[14.2096, 13.9628, 4.8006, 14.6198, 2.9881, 0.8715, 5.4938, 6.664, 3.7067, 7.0622]",14.6198
24,5,Coral guió la decisión en el palacio en una hora.,False,,,False,"[13.6344, 12.9844, 3.9249, 13.0765, 5.6883, 1.41, 7.4877, 5.6502, 3.4768, 6.5766]",13.0765,"[14.2096, 13.9628, 2.9199, 15.5383, 4.7088, 0.8393, 5.709, 7.0122, 3.9422, 6.5924]",15.5383
25,0,Pedro observó a la secretaria en la oficina durante una hora.,True,Pedro observó durante unos minutos.,NO,False,"[13.3286, 14.2362, 2.2513, 1.7989, 13.4553, 4.9895, 1.5854, 7.3779, 8.8041, 3.5931, 7.1116]",13.4553,"[13.7966, 15.5229, 3.5198, 1.8372, 14.1588, 5.6036, 1.6954, 7.4379, 9.0438, 3.3048, 4.5603]",14.1588
25,1,Pedro observó a una secretaria en la oficina durante una hora.,True,Pedro observó durante unos minutos.,NO,False,"[13.3286, 14.2362, 2.2513, 3.769, 13.4344, 3.7092, 1.4966, 8.222, 8.762, 3.278, 6.3865]",13.4344,"[13.7966, 15.5229, 3.5198, 3.965, 14.7732, 4.6964, 1.6406, 7.6586, 9.1247, 3.2028, 4.4971]",14.7732
25,2,Pedro observó a la planta en la oficina durante una hora.,True,Pedro observó durante unos minutos.,NO,False,"[13.3286, 14.2362, 2.2513, 1.7989, 14.9774, 5.0657, 1.9542, 7.4654, 8.7627, 3.0551, 6.2249]",14.9774,"[13.7966, 15.5229, 3.5198, 1.8372, 15.6261, 4.1894, 1.6041, 6.946, 8.6666, 3.355, 4.3189]",15.6261
25,3,Pedro observó la secretaria en la oficina durante una hora.,True,Pedro observó durante unos minutos.,NO,False,"[13.3286, 14.2362, 2.5429, 14.6691, 4.5335, 1.4442, 7.5376, 8.6907, 3.553, 7.3334]",14.6691,"[13.7966, 15.5229, 1.9164, 16.6441, 5.375, 1.692, 7.3864, 9.1193, 3.2255, 4.6839]",16.6441
25,4,Pedro observó una secretaria en la oficina durante una hora.,True,Pedro observó durante unos minutos.,NO,False,"[13.3286, 14.2362, 4.0282, 14.8813, 3.4149, 1.348, 8.0098, 8.8289, 3.1479, 6.614]",14.8813,"[13.7966, 15.5229, 2.9357, 17.0163, 4.507, 1.6431, 7.4585, 9.2314, 3.1207, 4.6087]",17.0163
25,5,Pedro observó la planta en la oficina durante una hora.,True,Pedro observó durante unos minutos.,NO,False,"[13.3286, 14.2362, 2.5429, 15.1042, 4.4057, 1.8749, 7.8719, 8.6936, 2.9435, 6.4782]",15.1042,"[13.7966, 15.5229, 1.9164, 17.1334, 4.2097, 1.6539, 6.9647, 8.8391, 3.2874, 4.4299]",17.1334
26,0,Juan escuchó a la vecina en el balcón durante una noche.,False,,,False,"[13.396, 14.6506, 1.8697, 2.0004, 13.8567, 3.1409, 1.5145, 8.3634, 6.024, 2.8036, 4.949]",13.8567,"[13.8078, 14.9101, 1.2926, 1.9518, 13.8041, 3.7655, 0.9766, 5.8638, 5.9702, 2.7056, 3.6422]",13.8041
26,1,Juan escuchó a una vecina en el balcón durante una noche.,False,,,False,"[13.396, 14.6506, 1.8697, 3.7427, 13.1268, 2.4632, 1.2466, 8.2542, 6.0769, 2.3915, 4.7121]",13.1268,"[13.8078, 14.9101, 1.2926, 4.0213, 12.1472, 3.4795, 0.9699, 5.756, 5.9732, 2.6366, 3.6177]",12.1472
26,2,Juan escuchó a la alarma en el balcón durante una noche.,False,,,False,"[13.396, 14.6506, 1.8697, 2.0004, 14.9718, 3.1527, 1.7212, 8.7732, 6.2991, 2.8643, 5.2627]",14.9718,"[13.8078, 14.9101, 1.2926, 1.9518, 15.2171, 2.5368, 1.04, 7.4456, 5.7062, 2.9885, 4.4414]",15.2171
26,3,Juan escuchó la vecina en el balcón durante una noche.,False,,,False,"[13.396, 14.6506, 3.4081, 14.4849, 3.3849, 1.565, 7.8963, 6.2137, 2.6784, 4.7827]",14.4849,"[13.8078, 14.9101, 2.6888, 14.9519, 3.699, 0.9382, 5.8169, 5.9749, 2.7198, 3.6361]",14.9519
26,4,Juan escuchó una vecina en el balcón durante una noche.,False,,,False,"[13.396, 14.6506, 5.0386, 14.0979, 2.4082, 1.2689, 8.0578, 6.3064, 2.2343, 4.5722]",14.0979,"[13.8078, 14.9101, 4.6143, 13.623, 3.3522, 0.9336, 5.6686, 6.0251, 2.647, 3.6113]",13.623
26,5,Juan escuchó la alarma en el balcón durante una noche.,False,,,False,"[13.396, 14.6506, 3.4081, 13.9594, 3.1084, 1.773, 8.3113, 6.3822, 2.7525, 5.0882]",13.9594,"[13.8078, 14.9101, 2.6888, 15.0361, 2.4236, 1.0066, 7.3818, 5.7235, 2.9894, 4.4725]",15.0361
27,0,Felipe anunció a la cantante en el escenario en cinco minutos.,True,Felipe es presentador de teatro.,SI,False,"[13.3767, 14.2702, 2.7057, 1.5922, 14.9339, 1.9065, 1.2026, 6.4729, 3.9484, 7.233, 2.6574]",14.9339,"[13.8771, 15.7098, 2.5162, 1.63, 14.9409, 4.1065, 0.8626, 5.8432, 3.9212, 7.0538, 2.2243]",14.9409
27,1,Felipe anunció a una cantante en el escenario en cinco minutos.,True,Felipe es presentador de teatro.,SI,False,"[13.3767, 14.2702, 2.7057, 3.645, 15.4376, 1.6301, 1.0473, 6.616, 3.8101, 6.9918, 2.7046]",15.4376,"[13.8771, 15.7098, 2.5162, 4.2682, 15.797, 3.8464, 0.8072, 5.6978, 3.8046, 7.08, 2.1603]",15.797
27,2,Felipe anunció a la actuación en el escenario en cinco minutos.,True,Felipe es presentador de teatro.,SI,False,"[13.3767, 14.2702, 2.7057, 1.5922, 15.8045, 3.052, 1.4538, 6.6768, 4.6189, 7.127, 2.9472]",15.8045,"[13.8771, 15.7098, 2.5162, 1.63, 17.7562, 3.3957, 0.834, 6.5369, 4.0192, 7.0396, 2.1089]",17.7562
27,3,Felipe anunció la cantante en el escenario en cinco minutos.,True,Felipe es presentador de teatro.,SI,False,"[13.3767, 14.2702, 3.4446, 15.8372, 2.6673, 1.3111, 6.6577, 4.3815, 7.0847, 2.5789]",15.8372,"[13.8771, 15.7098, 2.7313, 17.2648, 4.0191, 0.8259, 5.7835, 3.7903, 7.0732, 2.2319]",17.2648
27,4,Felipe anunció una cantante en el escenario en cinco minutos.,True,Felipe es presentador de teatro.,SI,False,"[13.3767, 14.2702, 4.4006, 16.6248, 1.7336, 1.0075, 7.0126, 4.2676, 7.1112, 2.5909]",16.6248,"[13.8771, 15.7098, 3.5064, 18.7886, 3.725, 0.7899, 5.6162, 3.6559, 7.0853, 2.1533]",18.7886
27,5,Felipe anunció la actuación en el escenario en cinco minutos.,True,Felipe es presentador de teatro.,SI,False,"[13.3767, 14.2702, 3.4446, 15.2016, 3.1087, 1.5485, 6.5884, 4.9285, 7.1118, 3.0209]",15.2016,"[13.8771, 15.7098, 2.7313, 17.9523, 2.9718, 0.8004, 6.4975, 3.8934, 7.0814, 2.1167]",17.9523
28,0,Anna comprendió a la maestra en la escuela en dos minutos.,True,Anna estaba en la escuela.,SI,False,"[13.3583, 12.6584, 2.7583, 1.6698, 13.3721, 2.9723, 1.7251, 5.9707, 4.1758, 7.0537, 3.7645]",13.3721,"[13.8086, 14.196, 2.2573, 1.9368, 13.6534, 2.7523, 1.7283, 3.8933, 3.608, 6.7013, 4.6463]",13.6534
28,1,Anna comprendió a una maestra en la escuela en dos minutos.,True,Anna estaba en la escuela.,SI,False,"[13.3583, 12.6584, 2.7583, 3.6633, 13.2018, 2.3104, 1.694, 6.6856, 4.0698, 6.7263, 3.8674]",13.2018,"[13.8086, 14.196, 2.2573, 4.0348, 13.4449, 2.6932, 1.7933, 4.4147, 3.4858, 6.762, 4.512]",13.4449
28,2,Anna comprendió a la tarea en la escuela en dos minutos.,True,Anna estaba en la escuela.,SI,False,"[13.3583, 12.6584, 2.7583, 1.6698, 13.8798, 3.4664, 1.6911, 8.068, 4.2415, 6.8935, 3.589]",13.8798,"[13.8086, 14.196, 2.2573, 1.9368, 14.2035, 3.776, 1.5955, 5.3946, 3.7771, 6.6452, 4.3911]",14.2035
28,3,Anna comprendió la maestra en la escuela en dos minutos.,True,Anna estaba en la escuela.,SI,False,"[13.3583, 12.6584, 3.0891, 13.6965, 3.2256, 1.5891, 5.7228, 4.3143, 6.9019, 3.6859]",13.6965,"[13.8086, 14.196, 3.6823, 14.302, 3.0167, 1.7311, 3.9215, 3.6276, 6.7844, 4.5359]",14.302
28,4,Anna comprendió una maestra en la escuela en dos minutos.,True,Anna estaba en la escuela.,SI,False,"[13.3583, 12.6584, 4.8039, 13.7632, 2.2436, 1.4819, 6.3185, 4.2758, 6.755, 3.7875]",13.7632,"[13.8086, 14.196, 4.5186, 14.697, 2.714, 1.8189, 4.361, 3.5107, 6.8577, 4.3883]",14.697
28,5,Anna comprendió la tarea en la escuela en dos minutos.,True,Anna estaba en la escuela.,SI,False,"[13.3583, 12.6584, 3.0891, 13.6645, 3.3236, 1.5747, 7.6997, 4.2726, 6.7721, 3.5514]",13.6645,"[13.8086, 14.196, 3.6823, 14.294, 3.4877, 1.5999, 5.3538, 3.8311, 6.6961, 4.283]",14.294
29,0,Alfonso miró a la granjera en la colina durante dos horas.,False,,,False,"[13.3301, 13.0159, 3.4647, 1.5679, 14.6036, 3.044, 1.4688, 9.2116, 5.9576, 4.4958, 2.1471]",14.6036,"[13.8613, 13.6687, 1.7868, 1.4694, 15.0063, 2.9815, 1.6849, 9.5843, 6.068, 4.334, 2.5779]",15.0063
29,1,Alfonso miró a una granjera en la colina durante dos horas.,False,,,False,"[13.3301, 13.0159, 3.4647, 4.0813, 14.3642, 2.3113, 1.3906, 9.7787, 5.7985, 4.3778, 2.3752]",14.3642,"[13.8613, 13.6687, 1.7868, 4.0084, 14.7042, 2.6587, 1.721, 9.6487, 6.0022, 4.4606, 2.5726]",14.7042
29,2,Alfonso miró a la estrella en la colina durante dos horas.,False,,,False,"[13.3301, 13.0159, 3.4647, 1.5679, 14.1145, 3.2717, 1.7845, 8.1889, 5.7155, 4.4779, 1.9698]",14.1145,"[13.8613, 13.6687, 1.7868, 1.4694, 14.4908, 4.043, 1.8121, 9.5376, 5.9712, 4.4371, 2.2923]",14.4908
29,3,Alfonso miró la granjera en la colina durante dos horas.,False,,,False,"[13.3301, 13.0159, 5.0933, 14.1987, 3.3917, 1.3246, 9.1543, 6.1143, 4.6015, 2.0334]",14.1987,"[13.8613, 13.6687, 5.6636, 14.9708, 3.2261, 1.6914, 9.5523, 6.2967, 4.3253, 2.5234]",14.9708
29,4,Alfonso miró una granjera en la colina durante dos horas.,False,,,False,"[13.3301, 13.0159, 7.4074, 14.5639, 2.3279, 1.2158, 9.8618, 6.0483, 4.3597, 2.3166]",14.5639,"[13.8613, 13.6687, 6.8567, 15.3948, 2.6566, 1.7803, 9.5862, 6.268, 4.4219, 2.511]",15.3948
29,5,Alfonso miró la estrella en la colina durante dos horas.,False,,,False,"[13.3301, 13.0159, 5.0933, 14.0417, 4.2345, 1.7095, 7.9063, 5.8119, 4.4868, 1.7917]",14.0417,"[13.8613, 13.6687, 5.6636, 14.9138, 4.2209, 1.8069, 9.4547, 6.158, 4.413, 2.2494]",14.9138
30,0,Carlos esperó a la profesora en la esquina durante una hora.,False,,,False,"[13.3023, 13.6696, 1.861, 1.793, 13.9447, 3.059, 1.6947, 9.1248, 7.6347, 2.9235, 6.0773]",13.9447,"[13.8605, 14.2849, 1.1993, 1.8399, 14.1738, 2.6848, 1.5088, 7.8746, 7.3083, 3.1745, 4.4569]",14.1738
30,1,Carlos esperó a una profesora en la esquina durante una hora.,False,,,False,"[13.3023, 13.6696, 1.861, 3.8641, 13.2412, 2.1825, 1.6388, 10.3336, 7.2943, 2.5166, 5.6919]",13.2412,"[13.8605, 14.2849, 1.1993, 3.8011, 12.8117, 2.5167, 1.5587, 7.9976, 7.4772, 3.0999, 4.4261]",12.8117
30,2,Carlos esperó a la furgoneta en la esquina durante una hora.,False,,,False,"[13.3023, 13.6696, 1.861, 1.793, 14.4617, 2.6739, 1.9138, 8.5204, 7.4118, 2.8978, 6.0569]",14.4617,"[13.8605, 14.2849, 1.1993, 1.8399, 14.4992, 2.29, 1.8331, 7.3479, 7.0007, 3.1134, 4.0777]",14.4992
30,3,Carlos esperó la profesora en la esquina durante una hora.,False,,,False,"[13.3023, 13.6696, 3.4602, 14.5296, 3.3056, 1.5288, 8.9807, 7.8206, 2.7976, 6.122]",14.5296,"[13.8605, 14.2849, 3.5135, 15.2359, 2.8421, 1.5458, 7.7645, 7.3752, 3.1285, 4.5829]",15.2359
30,4,Carlos esperó una profesora en la esquina durante una hora.,False,,,False,"[13.3023, 13.6696, 5.2423, 14.0519, 2.1847, 1.4203, 10.0698, 7.6025, 2.4324, 5.6765]",14.0519,"[13.8605, 14.2849, 4.1191, 14.3192, 2.5044, 1.6096, 7.8454, 7.5562, 3.0483, 4.5451]",14.3192
30,5,Carlos esperó la furgoneta en la esquina durante una hora.,False,,,False,"[13.3023, 13.6696, 3.4602, 14.2681, 2.9146, 1.7235, 8.2514, 7.5592, 2.7267, 6.0896]",14.2681,"[13.8605, 14.2849, 3.5135, 14.5198, 2.2951, 1.8486, 7.3102, 7.0125, 3.0747, 4.1454]",14.5198
31,0,Miguel recibió a la invitada en la casa en un día.,True,Miguel tuvo que esperar una semana.,NO,False,"[13.3584, 14.6944, 1.6207, 2.1419, 14.7513, 2.8761, 1.6909, 5.498, 4.8213, 2.638, 5.2324]",14.7513,"[13.7441, 14.7501, 1.4894, 1.3853, 13.9546, 3.4265, 1.4717, 4.2839, 5.9194, 2.8306, 4.7337]",13.9546
31,1,Miguel recibió a una invitada en la casa en un día.,True,Miguel tuvo que esperar una semana.,NO,False,"[13.3584, 14.6944, 1.6207, 3.2534, 14.1309, 2.1107, 1.6561, 4.8417, 4.7559, 2.3648, 5.262]",14.1309,"[13.7441, 14.7501, 1.4894, 3.8642, 13.5701, 2.947, 1.4973, 3.9811, 5.7813, 2.7657, 4.754]",13.5701
31,2,Miguel recibió a la caja en la casa en un día.,True,Miguel tuvo que esperar una semana.,NO,False,"[13.3584, 14.6944, 1.6207, 2.1419, 14.7871, 3.0881, 2.2945, 6.7075, 4.522, 2.5443, 5.2148]",14.7871,"[13.7441, 14.7501, 1.4894, 1.3853, 15.5258, 4.2525, 1.5011, 3.9014, 5.7692, 2.5195, 4.6948]",15.5258
31,3,Miguel recibió la invitada en la casa en un día.,True,Miguel tuvo que esperar una semana.,NO,False,"[13.3584, 14.6944, 3.1859, 14.4252, 2.9715, 1.5099, 5.005, 4.976, 2.5665, 5.1925]",14.4252,"[13.7441, 14.7501, 2.498, 14.3825, 3.405, 1.4763, 4.3044, 6.069, 2.8039, 4.7775]",14.3825
31,4,Miguel recibió una invitada en la casa en un día.,True,Miguel tuvo que esperar una semana.,NO,False,"[13.3584, 14.6944, 2.8891, 14.3988, 2.2501, 1.3777, 4.8376, 5.1551, 2.4274, 5.0907]",14.3988,"[13.7441, 14.7501, 3.0561, 14.3768, 3.1217, 1.5149, 3.9529, 5.8821, 2.7444, 4.7964]",14.3768
31,5,Miguel recibió la caja en la casa en un día.,True,Miguel tuvo que esperar una semana.,NO,False,"[13.3584, 14.6944, 3.1859, 15.006, 2.9845, 2.1699, 6.4849, 4.6619, 2.4338, 5.1867]",15.006,"[13.7441, 14.7501, 2.498, 16.3862, 4.0603, 1.5095, 3.8922, 5.9071, 2.5067, 4.7064]",16.3862
32,0,Martín buscó a la médica en el hospital durante dos horas.,True,Martin estaba en el hospital.,SI,False,"[13.3482, 13.4526, 2.3449, 2.0906, 14.4083, 2.9726, 1.633, 5.3633, 6.2852, 4.3774, 2.0729]",14.4083,"[13.7192, 14.0865, 2.159, 2.0951, 15.2473, 2.4833, 0.9804, 4.742, 6.6196, 4.4352, 2.4042]",15.2473
32,1,Martín buscó a una médica en el hospital durante dos horas.,True,Martin estaba en el hospital.,SI,False,"[13.3482, 13.4526, 2.3449, 3.6566, 13.8616, 2.3673, 1.3038, 4.7288, 6.5205, 4.3328, 2.1176]",13.8616,"[13.7192, 14.0865, 2.159, 3.9144, 13.6616, 3.0736, 0.9996, 4.5678, 6.5603, 4.5303, 2.4192]",13.6616
32,2,Martín buscó a la escalera en el hospital durante dos horas.,True,Martin estaba en el hospital.,SI,False,"[13.3482, 13.4526, 2.3449, 2.0906, 14.7533, 3.5562, 1.8137, 5.4549, 6.4113, 4.4889, 1.6959]",14.7533,"[13.7192, 14.0865, 2.159, 2.0951, 14.8271, 3.1798, 1.1302, 4.571, 6.5858, 4.2677, 2.0575]",14.8271
32,3,Martín buscó la médica en el hospital durante dos horas.,True,Martin estaba en el hospital.,SI,False,"[13.3482, 13.4526, 2.8036, 15.6415, 2.884, 1.5786, 4.9438, 6.3611, 4.5649, 2.0349]",15.6415,"[13.7192, 14.0865, 3.0984, 16.1992, 2.2788, 0.9454, 4.6895, 6.6544, 4.316, 2.3304]",16.1992
32,4,Martín buscó una médica en el hospital durante dos horas.,True,Martin estaba en el hospital.,SI,False,"[13.3482, 13.4526, 4.2531, 14.9499, 2.2273, 1.2434, 4.5796, 6.5824, 4.2414, 2.1796]",14.9499,"[13.7192, 14.0865, 3.0296, 14.9794, 2.9652, 0.9632, 4.4492, 6.6276, 4.4051, 2.347]",14.9794
32,5,Martín buscó la escalera en el hospital durante dos horas.,True,Martin estaba en el hospital.,SI,False,"[13.3482, 13.4526, 2.8036, 14.2559, 3.3786, 1.7752, 4.9802, 6.4901, 4.6608, 1.6584]",14.2559,"[13.7192, 14.0865, 3.0984, 15.2475, 2.9901, 1.0684, 4.5698, 6.6251, 4.1102, 2.0091]",15.2475
33,0,Marco imaginó a la amiga en la playa durante dos minutos.,False,,,False,"[13.574, 14.2427, 2.4927, 1.6427, 14.9604, 3.7329, 1.6928, 5.8467, 5.916, 4.6801, 4.7558]",14.9604,"[14.1365, 14.6008, 3.7106, 1.574, 15.0589, 4.3629, 1.4811, 6.2205, 5.8671, 4.6115, 5.3983]",15.0589
33,1,Marco imaginó a una amiga en la playa durante dos minutos.,False,,,False,"[13.574, 14.2427, 2.4927, 3.9005, 14.3449, 3.3863, 1.6837, 5.6215, 5.9446, 4.4374, 4.6532]",14.3449,"[14.1365, 14.6008, 3.7106, 4.7236, 12.0935, 3.8075, 1.4901, 6.439, 6.0939, 4.6252, 5.3926]",12.0935
33,2,Marco imaginó a la fiesta en la playa durante dos minutos.,False,,,False,"[13.574, 14.2427, 2.4927, 1.6427, 14.3665, 3.4561, 1.6012, 4.3644, 5.804, 4.77, 4.7003]",14.3665,"[14.1365, 14.6008, 3.7106, 1.574, 14.3939, 3.4703, 1.4386, 5.2026, 5.6823, 4.5994, 5.8914]",14.3939
33,3,Marco imaginó la amiga en la playa durante dos minutos.,False,,,False,"[13.574, 14.2427, 4.1119, 15.5167, 3.8858, 1.6622, 5.9616, 6.0615, 4.6719, 4.5616]",15.5167,"[14.1365, 14.6008, 2.2493, 16.6941, 4.2893, 1.4527, 6.1778, 6.1257, 4.519, 5.3371]",16.6941
33,4,Marco imaginó una amiga en la playa durante dos minutos.,False,,,False,"[13.574, 14.2427, 6.3841, 15.0348, 3.5529, 1.5724, 5.6851, 6.2125, 4.4647, 4.4704]",15.0348,"[14.1365, 14.6008, 4.6784, 13.795, 3.7745, 1.5118, 6.2891, 6.3438, 4.5183, 5.3121]",13.795
33,5,Marco imaginó la fiesta en la playa durante dos minutos.,False,,,False,"[13.574, 14.2427, 4.1119, 14.323, 3.658, 1.5468, 4.2535, 5.9255, 4.8601, 4.4432]",14.323,"[14.1365, 14.6008, 2.2493, 14.9215, 3.3128, 1.445, 5.1526, 5.928, 4.6087, 5.8232]",14.9215
34,0,Carmen odió a la vendedora en el cine durante la película.,True,Carmen vio una representación teatral.,NO,False,"[13.3714, 14.0598, 3.4311, 1.9006, 14.0114, 3.0581, 1.6178, 6.381, 6.3935, 1.6393, 6.7736]",14.0114,"[13.9676, 14.3272, 3.7769, 1.7091, 13.9281, 3.2257, 1.0249, 6.1728, 6.4403, 1.8231, 7.0772]",13.9281
34,1,Carmen odió a una vendedora en el cine durante la película.,True,Carmen vio una representación teatral.,NO,False,"[13.3714, 14.0598, 3.4311, 4.1028, 13.6111, 2.2248, 1.3282, 6.5137, 6.3303, 1.8302, 6.7919]",13.6111,"[13.9676, 14.3272, 3.7769, 3.8809, 13.4566, 2.4511, 0.9975, 6.1981, 6.5576, 1.9087, 7.1067]",13.4566
34,2,Carmen odió a la música en el cine durante la película.,True,Carmen vio una representación teatral.,NO,False,"[13.3714, 14.0598, 3.4311, 1.9006, 15.0695, 2.5743, 1.606, 6.6009, 6.0082, 1.8148, 7.0584]",15.0695,"[13.9676, 14.3272, 3.7769, 1.7091, 14.2721, 2.3526, 1.0466, 5.5478, 6.5735, 1.8479, 6.7587]",14.2721
34,3,Carmen odió la vendedora en el cine durante la película.,True,Carmen vio una representación teatral.,NO,False,"[13.3714, 14.0598, 4.7063, 13.7385, 3.4227, 1.71, 6.2056, 6.3031, 1.5495, 7.0398]",13.7385,"[13.9676, 14.3272, 4.2311, 14.2043, 3.5515, 0.9958, 6.0587, 6.661, 1.8233, 7.067]",14.2043
34,4,Carmen odió una vendedora en el cine durante la película.,True,Carmen vio una representación teatral.,NO,False,"[13.3714, 14.0598, 6.8781, 13.7925, 2.2707, 1.3829, 6.3392, 6.3937, 1.848, 7.04]",13.7925,"[13.9676, 14.3272, 5.7987, 14.1341, 2.584, 0.9784, 6.0716, 6.7986, 1.9244, 7.093]",14.1341
34,5,Carmen odió la música en el cine durante la película.,True,Carmen vio una representación teatral.,NO,False,"[13.3714, 14.0598, 4.7063, 14.4016, 2.8043, 1.5919, 6.5213, 5.794, 1.7151, 7.2523]",14.4016,"[13.9676, 14.3272, 4.2311, 14.4757, 2.406, 1.009, 5.3963, 6.7542, 1.8664, 6.7435]",14.4757
35,0,Carlos vigiló a la niña en la habitación durante unas horas.,False,,,False,"[13.3023, 13.7241, 2.2256, 1.5433, 14.0197, 2.6655, 1.9586, 8.5811, 7.2173, 5.8178, 1.5493]",14.0197,"[13.8605, 14.6575, 1.283, 1.5361, 14.015, 2.3148, 1.8359, 7.7482, 6.5459, 5.4885, 0.9398]",14.015
35,1,Carlos vigiló a una niña en la habitación durante unas horas.,False,,,False,"[13.3023, 13.7241, 2.2256, 3.9445, 12.9456, 2.1502, 1.8495, 8.8765, 6.9023, 5.5373, 1.5848]",12.9456,"[13.8605, 14.6575, 1.283, 3.787, 13.051, 2.1364, 1.8991, 7.412, 6.8358, 5.3117, 0.9048]",13.051
35,2,Carlos vigiló a la operación en la habitación durante unas horas.,False,,,False,"[13.3023, 13.7241, 2.2256, 1.5433, 14.4131, 3.9828, 1.6875, 10.4722, 7.7164, 6.1568, 1.2752]",14.4131,"[13.8605, 14.6575, 1.283, 1.5361, 15.9516, 3.8269, 1.492, 9.2784, 6.6052, 5.8128, 0.7799]",15.9516
35,3,Carlos vigiló la niña en la habitación durante unas horas.,False,,,False,"[13.3023, 13.7241, 4.1215, 14.5343, 3.2688, 1.8015, 7.9477, 6.9511, 5.9135, 1.3791]",14.5343,"[13.8605, 14.6575, 2.5585, 14.5946, 2.4431, 1.7942, 7.7378, 6.5844, 5.5436, 0.9221]",14.5946
35,4,Carlos vigiló una niña en la habitación durante unas horas.,False,,,False,"[13.3023, 13.7241, 6.1909, 13.7763, 2.2673, 1.6092, 8.4905, 7.0594, 5.4466, 1.5673]",13.7763,"[13.8605, 14.6575, 4.3998, 14.4917, 2.2709, 1.8768, 7.3121, 6.871, 5.3703, 0.886]",14.4917
35,5,Carlos vigiló la operación en la habitación durante unas horas.,False,,,False,"[13.3023, 13.7241, 4.1215, 14.0822, 3.8237, 1.5842, 9.8755, 7.378, 6.2713, 1.2095]",14.0822,"[13.8605, 14.6575, 2.5585, 15.6462, 3.691, 1.5041, 9.1256, 6.6632, 5.8756, 0.7814]",15.6462
36,0,Irene oyó a la niña en la sala durante una noche.,False,,,False,"[13.2851, 13.4554, 2.6569, 1.6826, 13.5202, 2.7162, 1.9684, 6.6599, 7.4305, 2.8751, 4.6292]",13.5202,"[13.7002, 14.8283, 2.2758, 1.7391, 13.4743, 2.4668, 1.8682, 5.4784, 7.1739, 3.0992, 4.195]",13.4743
36,1,Irene oyó a una niña en la sala durante una noche.,False,,,False,"[13.2851, 13.4554, 2.6569, 3.8821, 12.4723, 2.1781, 1.8876, 6.7608, 7.3483, 2.5418, 4.04]",12.4723,"[13.7002, 14.8283, 2.2758, 3.9162, 12.6967, 2.3501, 1.9167, 6.0367, 7.3407, 3.0483, 4.1413]",12.6967
36,2,Irene oyó a la discusión en la sala durante una noche.,False,,,False,"[13.2851, 13.4554, 2.6569, 1.6826, 14.1046, 2.7031, 1.3749, 6.4854, 8.3161, 3.1584, 6.1453]",14.1046,"[13.7002, 14.8283, 2.2758, 1.7391, 13.54, 3.2438, 1.457, 5.8356, 7.5062, 3.332, 5.4606]",13.54
36,3,Irene oyó la niña en la sala durante una noche.,False,,,False,"[13.2851, 13.4554, 2.9488, 14.1194, 3.1473, 1.8006, 6.4479, 7.381, 2.7133, 4.379]",14.1194,"[13.7002, 14.8283, 2.703, 14.0587, 2.6071, 1.8341, 5.5609, 7.2886, 3.0881, 4.1716]",14.0587
36,4,Irene oyó una niña en la sala durante una noche.,False,,,False,"[13.2851, 13.4554, 4.9329, 13.3633, 2.1869, 1.6271, 6.4641, 7.4102, 2.4018, 4.029]",13.3633,"[13.7002, 14.8283, 3.7909, 14.0836, 2.3797, 1.9136, 6.0329, 7.5124, 3.0256, 4.1052]",14.0836
36,5,Irene oyó la discusión en la sala durante una noche.,False,,,False,"[13.2851, 13.4554, 2.9488, 13.9561, 2.6504, 1.2614, 6.5457, 8.2598, 3.0381, 5.9741]",13.9561,"[13.7002, 14.8283, 2.703, 14.1512, 3.1616, 1.5162, 5.9508, 7.5945, 3.2875, 5.4888]",14.1512
37,0,Isabel vió a la estudiante desde su ventana durante una mañana.,True,Isabel miraba por la ventana.,SI,False,"[13.3993, 13.4532, 4.3622, 1.8419, 13.84, 5.6129, 3.9125, 9.859, 5.1697, 3.0003, 5.2766]",13.84,"[13.9532, 14.3476, 4.1586, 1.8787, 15.5437, 6.082, 3.7089, 9.439, 6.5983, 3.0956, 7.3184]",15.5437
37,1,Isabel vió a una estudiante desde su ventana durante una mañana.,True,Isabel miraba por la ventana.,SI,False,"[13.3993, 13.4532, 4.3622, 4.0588, 13.0042, 5.8932, 3.8802, 10.066, 5.058, 2.6697, 4.882]",13.0042,"[13.9532, 14.3476, 4.1586, 4.0005, 14.0965, 6.7641, 3.7641, 9.2417, 6.7364, 3.0493, 7.4497]",14.0965
37,2,Isabel vió a la tormenta desde su ventana durante una mañana.,True,Isabel miraba por la ventana.,SI,False,"[13.3993, 13.4532, 4.3622, 1.8419, 13.8673, 5.5238, 3.7285, 9.6346, 5.2231, 3.0498, 5.0685]",13.8673,"[13.9532, 14.3476, 4.1586, 1.8787, 14.2487, 6.6293, 3.9369, 9.6705, 6.0564, 3.0595, 7.0547]",14.2487
37,3,Isabel vió la estudiante desde su ventana durante una mañana.,True,Isabel miraba por la ventana.,SI,False,"[13.3993, 13.4532, 4.4932, 13.9563, 6.0561, 3.8479, 9.9012, 5.2149, 2.9693, 5.5005]",13.9563,"[13.9532, 14.3476, 2.4912, 16.6155, 6.1271, 3.8642, 9.4592, 6.5562, 3.0525, 7.3606]",16.6155
37,4,Isabel vió una estudiante desde su ventana durante una mañana.,True,Isabel miraba por la ventana.,SI,False,"[13.3993, 13.4532, 6.5936, 13.7918, 5.9855, 3.8106, 10.045, 5.1725, 2.6481, 5.2255]",13.7918,"[13.9532, 14.3476, 3.9518, 15.2689, 6.7662, 3.8926, 9.2682, 6.6935, 3.003, 7.5087]",15.2689
37,5,Isabel vió la tormenta desde su ventana durante una mañana.,True,Isabel miraba por la ventana.,SI,False,"[13.3993, 13.4532, 4.4932, 13.5929, 6.2757, 3.6764, 9.4995, 5.3371, 2.9929, 5.2005]",13.5929,"[13.9532, 14.3476, 2.4912, 14.6573, 6.6989, 3.9697, 9.682, 6.0215, 2.9881, 7.0627]",14.6573
38,0,Unai amó a la jovencita en su pueblo durante varios años.,False,,,False,"[13.438, 13.0915, 2.6695, 1.6076, 13.2996, 2.2249, 3.8941, 6.3422, 5.2748, 6.1469, 1.0831]",13.2996,"[13.8495, 13.3478, 2.1103, 1.6781, 13.4202, 4.7067, 2.9501, 6.8587, 5.9876, 5.4134, 0.9773]",13.4202
38,1,Unai amó a una jovencita en su pueblo durante varios años.,False,,,False,"[13.438, 13.0915, 2.6695, 3.5566, 12.8196, 1.9787, 4.0039, 6.2664, 5.2183, 6.0074, 1.0994]",12.8196,"[13.8495, 13.3478, 2.1103, 3.5983, 11.9352, 3.997, 2.9852, 6.7432, 6.0979, 5.3994, 1.024]",11.9352
38,2,Unai amó a la vida en su pueblo durante varios años.,False,,,False,"[13.438, 13.0915, 2.6695, 1.6076, 14.5812, 5.9587, 4.53, 5.5497, 5.4376, 6.2674, 0.9258]",14.5812,"[13.8495, 13.3478, 2.1103, 1.6781, 14.9798, 2.9515, 4.2988, 5.1177, 5.7317, 5.7816, 0.9211]",14.9798
38,3,Unai amó la jovencita en su pueblo durante varios años.,False,,,False,"[13.438, 13.0915, 4.3048, 13.8891, 2.8384, 3.5567, 6.1825, 5.2659, 6.0374, 1.0713]",13.8891,"[13.8495, 13.3478, 4.6389, 13.842, 4.7243, 3.1703, 6.7909, 6.1238, 5.4065, 1.0007]",13.842
38,4,Unai amó una jovencita en su pueblo durante varios años.,False,,,False,"[13.438, 13.0915, 6.1721, 13.5398, 2.2173, 3.7118, 5.9806, 5.3117, 5.9839, 1.1354]",13.5398,"[13.8495, 13.3478, 5.6266, 12.5721, 3.8614, 3.2057, 6.679, 6.2742, 5.3803, 1.0505]",12.5721
38,5,Unai amó la vida en su pueblo durante varios años.,False,,,False,"[13.438, 13.0915, 4.3048, 13.4976, 5.5305, 4.2665, 5.0004, 5.3007, 6.2187, 0.9696]",13.4976,"[13.8495, 13.3478, 4.6389, 14.1858, 3.1414, 4.5236, 5.1663, 5.8909, 5.7711, 0.9391]",14.1858
39,0,Valeria admiró a la cantante en el teatro durante el concierto.,True,Valeria fue a un concierto.,SI,False,"[13.3863, 13.126, 3.2804, 1.6589, 13.3392, 2.402, 1.2894, 6.6504, 6.9464, 0.7493, 1.5121]",13.3392,"[13.8011, 14.2042, 2.8228, 1.7508, 12.9443, 3.9358, 0.9633, 5.2573, 6.944, 0.8439, 4.2972]",12.9443
39,1,Valeria admiró a una cantante en el teatro durante el concierto.,True,Valeria fue a un concierto.,SI,False,"[13.3863, 13.126, 3.2804, 3.6846, 14.0965, 1.8374, 1.1356, 6.891, 6.8745, 0.7724, 1.788]",14.0965,"[13.8011, 14.2042, 2.8228, 3.8327, 13.6906, 3.2763, 0.9116, 5.4085, 7.0102, 0.8382, 4.3317]",13.6906
39,2,Valeria admiró a la escenografía en el teatro durante el concierto.,True,Valeria fue a un concierto.,SI,False,"[13.3863, 13.126, 3.2804, 1.6589, 13.8414, 3.0837, 1.548, 6.2299, 7.1183, 0.9204, 2.1286]",13.8414,"[13.8011, 14.2042, 2.8228, 1.7508, 14.0283, 3.1633, 1.0619, 5.4211, 6.9125, 0.8556, 4.3371]",14.0283
39,3,Valeria admiró la cantante en el teatro durante el concierto.,True,Valeria fue a un concierto.,SI,False,"[13.3863, 13.126, 4.1953, 13.0821, 3.5689, 1.3321, 6.3459, 6.8846, 0.8201, 1.5851]",13.0821,"[13.8011, 14.2042, 3.7821, 12.9528, 4.5403, 0.9527, 5.2221, 7.0808, 0.8014, 4.2741]",12.9528
39,4,Valeria admiró una cantante en el teatro durante el concierto.,True,Valeria fue a un concierto.,SI,False,"[13.3863, 13.126, 6.1997, 14.3933, 2.2074, 1.1198, 6.3965, 6.8807, 0.8245, 1.6871]",14.3933,"[13.8011, 14.2042, 4.9833, 14.9336, 3.3698, 0.914, 5.341, 7.1191, 0.8149, 4.2962]",14.9336
39,5,Valeria admiró la escenografía en el teatro durante el concierto.,True,Valeria fue a un concierto.,SI,False,"[13.3863, 13.126, 4.1953, 13.3861, 3.2742, 1.5926, 5.8971, 7.0934, 0.9746, 2.2404]",13.3861,"[13.8011, 14.2042, 3.7821, 13.7342, 3.3672, 1.0327, 5.4138, 7.014, 0.7965, 4.3419]",13.7342
40,0,Adrián percibió a la mujer detrás de él durante algunos minutos.,False,,,False,"[13.329, 12.9634, 3.1352, 1.6977, 14.1464, 10.5501, 0.6374, 7.8293, 5.1375, 6.8967, 3.8788]",14.1464,"[13.6149, 14.6654, 1.98, 1.7353, 14.2125, 6.6307, 0.4322, 7.0272, 4.8624, 6.468, 3.2113]",14.2125
40,1,Adrián percibió a una mujer detrás de él durante algunos minutos.,False,,,False,"[13.329, 12.9634, 3.1352, 3.8406, 12.9447, 10.1953, 0.4449, 7.6967, 4.8576, 7.0944, 4.4072]",12.9447,"[13.6149, 14.6654, 1.98, 3.7194, 13.3676, 7.7868, 0.3696, 7.0281, 4.8904, 6.517, 3.1661]",13.3676
40,2,Adrián percibió a la sombra detrás de él durante algunos minutos.,False,,,False,"[13.329, 12.9634, 3.1352, 1.6977, 13.6925, 9.3866, 0.6715, 7.5734, 5.4914, 6.324, 3.4085]",13.6925,"[13.6149, 14.6654, 1.98, 1.7353, 13.7817, 8.7103, 0.4616, 7.1777, 4.8864, 6.261, 2.8699]",13.7817
40,3,Adrián percibió la mujer detrás de él durante algunos minutos.,False,,,False,"[13.329, 12.9634, 3.4565, 14.3714, 9.7236, 0.7453, 7.6857, 4.9866, 7.0245, 3.597]",14.3714,"[13.6149, 14.6654, 3.3239, 14.8275, 6.2362, 0.4662, 7.1744, 4.8323, 6.6428, 3.0858]",14.8275
40,4,Adrián percibió una mujer detrás de él durante algunos minutos.,False,,,False,"[13.329, 12.9634, 5.3235, 13.7581, 9.5646, 0.4833, 7.5392, 4.8041, 7.1815, 4.013]",13.7581,"[13.6149, 14.6654, 3.9712, 14.3038, 7.2924, 0.3914, 7.2294, 4.8863, 6.6898, 3.0334]",14.3038
40,5,Adrián percibió la sombra detrás de él durante algunos minutos.,False,,,False,"[13.329, 12.9634, 3.4565, 13.7847, 9.055, 0.6982, 7.365, 5.4978, 6.3645, 3.2797]",13.7847,"[13.6149, 14.6654, 3.3239, 14.2304, 8.5945, 0.4764, 7.3395, 4.8219, 6.3933, 2.7193]",14.2304
41,0,Emma investigó a la empresaria en la ciudad durante varias semanas.,True,Emma pasó semanas investigando.,SI,False,"[13.2764, 12.469, 2.1084, 1.6378, 13.3763, 2.6479, 1.7809, 14.4775, 5.7752, 7.3135, 2.7459]",13.3763,"[13.7039, 13.2563, 2.2007, 2.0158, 13.5292, 2.5999, 1.6621, 15.2007, 5.8139, 7.0821, 1.0923]",13.5292
41,1,Emma investigó a una empresaria en la ciudad durante varias semanas.,True,Emma pasó semanas investigando.,SI,False,"[13.2764, 12.469, 2.1084, 3.3822, 13.422, 2.1632, 1.7253, 14.7522, 5.754, 7.1315, 2.5839]",13.422,"[13.7039, 13.2563, 2.2007, 3.9432, 12.9028, 2.6444, 1.6392, 14.8591, 5.9221, 6.9265, 1.1084]",12.9028
41,2,Emma investigó a la epidemia en la ciudad durante varias semanas.,True,Emma pasó semanas investigando.,SI,False,"[13.2764, 12.469, 2.1084, 1.6378, 13.7955, 3.2337, 1.6093, 14.9019, 5.9773, 7.2164, 2.7486]",13.7955,"[13.7039, 13.2563, 2.2007, 2.0158, 13.8064, 3.4788, 1.6759, 15.4082, 5.6646, 7.122, 1.0128]",13.8064
41,3,Emma investigó la empresaria en la ciudad durante varias semanas.,True,Emma pasó semanas investigando.,SI,False,"[13.2764, 12.469, 2.2476, 13.8709, 2.6612, 1.5875, 14.4832, 5.5805, 7.2772, 2.6091]",13.8709,"[13.7039, 13.2563, 1.8102, 14.8799, 2.524, 1.656, 15.0275, 5.8681, 7.0012, 1.0999]",14.8799
41,4,Emma investigó una empresaria en la ciudad durante varias semanas.,True,Emma pasó semanas investigando.,SI,False,"[13.2764, 12.469, 3.5897, 13.929, 2.0916, 1.4794, 14.7726, 5.7283, 7.0416, 2.4464]",13.929,"[13.7039, 13.2563, 4.1145, 14.39, 2.6295, 1.6705, 14.6298, 5.9509, 6.823, 1.1151]",14.39
41,5,Emma investigó la epidemia en la ciudad durante varias semanas.,True,Emma pasó semanas investigando.,SI,False,"[13.2764, 12.469, 2.2476, 13.7456, 3.2453, 1.4733, 15.0341, 5.8083, 7.1684, 2.639]",13.7456,"[13.7039, 13.2563, 1.8102, 14.2405, 3.496, 1.6802, 15.2113, 5.7613, 7.0467, 1.0172]",14.2405
42,0,Ismael encontró a la conocida en la carretera en pocas horas.,False,,,False,"[13.3013, 12.5857, 2.0274, 2.0484, 13.4386, 3.1514, 1.7767, 6.5853, 3.7006, 8.7921, 0.7425]",13.4386,"[13.7442, 16.4484, 2.2971, 2.2118, 14.4732, 4.1366, 1.6555, 7.4246, 2.9161, 9.4906, 0.5046]",14.4732
42,1,Ismael encontró a una conocida en la carretera en pocas horas.,False,,,False,"[13.3013, 12.5857, 2.0274, 2.9906, 13.8337, 2.691, 1.6955, 5.9224, 3.4634, 8.7843, 0.9191]",13.8337,"[13.7442, 16.4484, 2.2971, 3.6015, 14.1143, 4.4323, 1.6774, 7.0315, 2.9594, 9.3765, 0.5167]",14.1143
42,2,Ismael encontró a la dificultad en la carretera en pocas horas.,False,,,False,"[13.3013, 12.5857, 2.0274, 2.0484, 14.0675, 2.7282, 1.7179, 6.2252, 3.6492, 9.2419, 0.6044]",14.0675,"[13.7442, 16.4484, 2.2971, 2.2118, 14.9867, 2.8119, 1.5264, 8.7019, 2.8547, 9.6868, 0.4177]",14.9867
42,3,Ismael encontró la conocida en la carretera en pocas horas.,False,,,False,"[13.3013, 12.5857, 2.9514, 14.07, 3.204, 1.5738, 6.2356, 3.9981, 9.0015, 0.6842]",14.07,"[13.7442, 16.4484, 2.957, 15.355, 3.2907, 1.659, 7.381, 2.8932, 9.5945, 0.486]",15.355
42,4,Ismael encontró una conocida en la carretera en pocas horas.,False,,,False,"[13.3013, 12.5857, 3.7887, 14.1537, 2.8843, 1.3804, 6.0551, 3.8442, 8.9817, 0.8692]",14.1537,"[13.7442, 16.4484, 3.3947, 15.1527, 3.7919, 1.6882, 6.9827, 2.939, 9.4654, 0.4978]",15.1527
42,5,Ismael encontró la dificultad en la carretera en pocas horas.,False,,,False,"[13.3013, 12.5857, 2.9514, 13.9061, 2.521, 1.5703, 5.8315, 3.8193, 9.4268, 0.5778]",13.9061,"[13.7442, 16.4484, 2.957, 14.7738, 2.595, 1.5402, 8.4162, 2.8521, 9.7873, 0.4039]",14.7738
43,0,Sofía conoció a la chica en el colegio en dos días.,False,,,False,"[13.5743, 12.3054, 2.1944, 1.881, 13.4969, 2.5423, 1.6428, 6.7491, 3.6238, 5.6039, 2.6174]",13.4969,"[14.1203, 14.1891, 1.9241, 1.7937, 14.7207, 4.1041, 1.0573, 5.3326, 4.3359, 6.3865, 2.7808]",14.7207
43,1,Sofía conoció a una chica en el colegio en dos días.,False,,,False,"[13.5743, 12.3054, 2.1944, 3.391, 12.6054, 1.9684, 1.3976, 6.9671, 3.6111, 5.5095, 2.5977]",12.6054,"[14.1203, 14.1891, 1.9241, 3.963, 13.3802, 3.4767, 1.0554, 5.2106, 4.1602, 6.5263, 2.7342]",13.3802
43,2,Sofía conoció a la verdad en el colegio en dos días.,False,,,False,"[13.5743, 12.3054, 2.1944, 1.881, 15.492, 5.1759, 1.8652, 8.6645, 4.0848, 6.1508, 2.1738]",15.492,"[14.1203, 14.1891, 1.9241, 1.7937, 16.1278, 3.3942, 1.0459, 5.6411, 4.1179, 6.4252, 2.7882]",16.1278
43,3,Sofía conoció la chica en el colegio en dos días.,False,,,False,"[13.5743, 12.3054, 2.4292, 14.4976, 2.8278, 1.6028, 6.4885, 3.9597, 5.4444, 2.7467]",14.4976,"[14.1203, 14.1891, 2.1472, 16.679, 3.7443, 1.0056, 5.366, 4.4584, 6.478, 2.794]",16.679
43,4,Sofía conoció una chica en el colegio en dos días.,False,,,False,"[13.5743, 12.3054, 3.4803, 13.8672, 1.9006, 1.3992, 6.616, 3.8739, 5.4464, 2.7052]",13.8672,"[14.1203, 14.1891, 3.8348, 15.5926, 3.3565, 1.0092, 5.2057, 4.2687, 6.6403, 2.7387]",15.5926
43,5,Sofía conoció la verdad en el colegio en dos días.,False,,,False,"[13.5743, 12.3054, 2.4292, 14.1686, 4.4758, 1.9252, 8.2505, 4.3014, 6.0923, 2.2615]",14.1686,"[14.1203, 14.1891, 2.1472, 17.44, 3.1057, 1.02, 5.6415, 4.1678, 6.4776, 2.7846]",17.44
44,0,Martín detectó a la intrusa en el hospital en dos minutos.,False,,,False,"[13.3482, 13.2105, 2.7099, 2.0019, 14.961, 2.8912, 1.6866, 4.9188, 4.8313, 6.4881, 3.126]",14.961,"[13.7192, 14.0799, 4.0158, 1.8375, 14.6884, 3.2451, 1.0008, 4.9679, 4.4758, 5.9552, 3.7834]",14.6884
44,1,Martín detectó a una intrusa en el hospital en dos minutos.,False,,,False,"[13.3482, 13.2105, 2.7099, 3.6945, 14.7934, 2.2808, 1.3523, 4.2981, 4.6861, 6.169, 3.2111]",14.7934,"[13.7192, 14.0799, 4.0158, 3.7922, 14.6263, 2.9546, 0.9621, 4.8072, 4.2621, 6.0265, 3.6783]",14.6263
44,2,Martín detectó a la enfermedad en el hospital en dos minutos.,False,,,False,"[13.3482, 13.2105, 2.7099, 2.0019, 15.7369, 3.6426, 2.0766, 6.5065, 5.1259, 6.4551, 3.821]",15.7369,"[13.7192, 14.0799, 4.0158, 1.8375, 17.0882, 3.0925, 0.9697, 4.3135, 4.5754, 5.9207, 3.6681]",17.0882
44,3,Martín detectó la intrusa en el hospital en dos minutos.,False,,,False,"[13.3482, 13.2105, 2.5158, 14.589, 2.9592, 1.6878, 4.668, 5.3734, 6.3644, 3.1473]",14.589,"[13.7192, 14.0799, 2.6197, 15.4541, 2.8896, 0.9623, 4.9737, 4.5347, 5.983, 3.6726]",15.4541
44,4,Martín detectó una intrusa en el hospital en dos minutos.,False,,,False,"[13.3482, 13.2105, 3.788, 14.7473, 2.2504, 1.3709, 4.383, 5.2546, 6.1943, 3.1514]",14.7473,"[13.7192, 14.0799, 2.5362, 15.6658, 2.6094, 0.9387, 4.7748, 4.3034, 6.071, 3.5481]",15.6658
44,5,Martín detectó la enfermedad en el hospital en dos minutos.,False,,,False,"[13.3482, 13.2105, 2.5158, 15.172, 3.629, 1.9938, 6.2032, 5.5328, 6.419, 3.9518]",15.172,"[13.7192, 14.0799, 2.6197, 18.3436, 3.0003, 0.9151, 4.2837, 4.6586, 5.9417, 3.5662]",18.3436
45,0,Gabriela localizó a la amiga en la ciudad en dos minutos.,False,,,False,"[13.338, 12.5644, 2.0379, 1.6027, 13.8339, 3.7324, 1.9783, 14.5897, 4.2643, 6.2011, 2.7876]",13.8339,"[13.7738, 13.4536, 1.5999, 1.7733, 14.8007, 3.8915, 1.5616, 15.5709, 4.8109, 6.1479, 2.73]",14.8007
45,1,Gabriela localizó a una amiga en la ciudad en dos minutos.,False,,,False,"[13.338, 12.5644, 2.0379, 3.4797, 13.1034, 3.0949, 1.9207, 14.6613, 4.1439, 6.0355, 2.7216]",13.1034,"[13.7738, 13.4536, 1.5999, 3.4105, 11.7322, 3.3532, 1.5879, 15.2707, 4.7193, 6.2315, 2.6661]",11.7322
45,2,Gabriela localizó a la bodega en la ciudad en dos minutos.,False,,,False,"[13.338, 12.5644, 2.0379, 1.6027, 13.6296, 3.0004, 1.6918, 14.2431, 4.2637, 6.4557, 3.247]",13.6296,"[13.7738, 13.4536, 1.5999, 1.7733, 14.0384, 2.7495, 1.6662, 15.3387, 4.6453, 5.8404, 3.3045]",14.0384
45,3,Gabriela localizó la amiga en la ciudad en dos minutos.,False,,,False,"[13.338, 12.5644, 2.2428, 14.7622, 3.7114, 1.8336, 14.6673, 4.4267, 6.1236, 2.7274]",14.7622,"[13.7738, 13.4536, 2.5607, 15.9928, 3.7827, 1.5522, 15.3652, 4.832, 6.2054, 2.6461]",15.9928
45,4,Gabriela localizó una amiga en la ciudad en dos minutos.,False,,,False,"[13.338, 12.5644, 3.8277, 14.23, 3.027, 1.6313, 14.6121, 4.3976, 6.1142, 2.601]",14.23,"[13.7738, 13.4536, 3.9467, 13.2552, 3.3705, 1.6199, 14.9906, 4.7291, 6.3203, 2.566]",13.2552
45,5,Gabriela localizó la bodega en la ciudad en dos minutos.,False,,,False,"[13.338, 12.5644, 2.2428, 14.0133, 3.0947, 1.5127, 14.2656, 4.3808, 6.4647, 3.2641]",14.0133,"[13.7738, 13.4536, 2.5607, 14.8769, 2.8162, 1.6713, 15.1683, 4.6238, 5.8905, 3.2356]",14.8769
46,0,Alejandro identificó a la agresora en el aeropuerto en dos horas.,True,Alejandro estaba en el centro comercial.,NO,False,"[13.2708, 13.412, 1.569, 1.6051, 14.0432, 3.0494, 1.6258, 5.3667, 4.3932, 6.5681, 1.9356]",14.0432,"[13.7782, 15.1279, 1.5039, 1.7572, 14.2043, 2.5724, 1.0573, 5.7281, 3.8669, 6.2053, 2.7885]",14.2043
46,1,Alejandro identificó a una agresora en el aeropuerto en dos horas.,True,Alejandro estaba en el centro comercial.,NO,False,"[13.2708, 13.412, 1.569, 3.7666, 14.0253, 2.3874, 1.3257, 4.9827, 4.2489, 6.2924, 2.1062]",14.0253,"[13.7782, 15.1279, 1.5039, 3.7195, 14.1396, 2.2406, 1.028, 5.6325, 3.8303, 6.3404, 2.8054]",14.1396
46,2,Alejandro identificó a la amenaza en el aeropuerto en dos horas.,True,Alejandro estaba en el centro comercial.,NO,False,"[13.2708, 13.412, 1.569, 1.6051, 14.8968, 3.2573, 1.5033, 2.7537, 4.512, 6.5099, 2.0042]",14.8968,"[13.7782, 15.1279, 1.5039, 1.7572, 15.5858, 4.9953, 1.0831, 5.621, 3.712, 5.7461, 2.6483]",15.5858
46,3,Alejandro identificó la agresora en el aeropuerto en dos horas.,True,Alejandro estaba en el centro comercial.,NO,False,"[13.2708, 13.412, 2.5489, 14.0079, 3.2473, 1.6608, 4.7138, 4.5901, 6.4637, 1.9202]",14.0079,"[13.7782, 15.1279, 2.8331, 14.7471, 2.3608, 1.0288, 5.7074, 3.7721, 6.1781, 2.7377]",14.7471
46,4,Alejandro identificó una agresora en el aeropuerto en dos horas.,True,Alejandro estaba en el centro comercial.,NO,False,"[13.2708, 13.412, 4.1771, 14.3948, 2.3789, 1.3648, 4.5782, 4.5593, 6.3134, 2.1146]",14.3948,"[13.7782, 15.1279, 3.8555, 15.0103, 2.0705, 1.0083, 5.5599, 3.7353, 6.3281, 2.7425]",15.0103
46,5,Alejandro identificó la amenaza en el aeropuerto en dos horas.,True,Alejandro estaba en el centro comercial.,NO,False,"[13.2708, 13.412, 2.5489, 14.0332, 3.3009, 1.4989, 2.4153, 4.6083, 6.3559, 1.9759]",14.0332,"[13.7782, 15.1279, 2.8331, 15.7021, 4.884, 1.0606, 5.5118, 3.6552, 5.7219, 2.6319]",15.7021
47,0,Marta descartó a la aspirante en la selección en un día.,False,,,False,"[13.372, 12.9206, 2.5174, 2.0923, 13.9826, 2.9101, 2.0308, 7.718, 5.553, 3.5477, 7.0891]",13.9826,"[13.8768, 14.1565, 3.3529, 1.9291, 14.6206, 4.0837, 1.5926, 4.8796, 5.312, 3.4478, 5.8042]",14.6206
47,1,Marta descartó a una aspirante en la selección en un día.,False,,,False,"[13.372, 12.9206, 2.5174, 3.6457, 13.9134, 2.3303, 1.9869, 8.8187, 5.0989, 3.1435, 7.0792]",13.9134,"[13.8768, 14.1565, 3.3529, 4.2472, 14.0936, 3.6977, 1.6264, 4.8036, 5.3072, 3.3869, 5.8463]",14.0936
47,2,Marta descartó a la sospecha en la selección en un día.,False,,,False,"[13.372, 12.9206, 2.5174, 2.0923, 14.4673, 3.4246, 1.6997, 6.8496, 5.4968, 2.9451, 6.7979]",14.4673,"[13.8768, 14.1565, 3.3529, 1.9291, 15.6928, 4.334, 1.7299, 6.0081, 5.2897, 3.4386, 5.5752]",15.6928
47,3,Marta descartó la aspirante en la selección en un día.,False,,,False,"[13.372, 12.9206, 3.0461, 14.2906, 3.1411, 1.8157, 8.4045, 5.5485, 3.4282, 7.0711]",14.2906,"[13.8768, 14.1565, 2.8061, 16.1836, 4.4512, 1.6063, 4.8063, 5.1795, 3.4638, 5.8166]",16.1836
47,4,Marta descartó una aspirante en la selección en un día.,False,,,False,"[13.372, 12.9206, 4.1924, 14.1551, 2.4791, 1.731, 9.0584, 5.3801, 3.1597, 7.0322]",14.1551,"[13.8768, 14.1565, 3.2303, 16.0278, 4.1572, 1.6389, 4.6847, 5.2865, 3.4097, 5.8673]",16.0278
47,5,Marta descartó la sospecha en la selección en un día.,False,,,False,"[13.372, 12.9206, 3.0461, 13.978, 3.2274, 1.5557, 7.3242, 5.6441, 2.8474, 6.7809]",13.978,"[13.8768, 14.1565, 2.8061, 15.6189, 3.8783, 1.7247, 5.8462, 5.2065, 3.4593, 5.6]",15.6189
48,0,Samuel descubrió a la infiltrada en el museo en pocas horas.,False,,,False,"[13.2918, 12.4559, 1.5655, 1.8757, 14.7126, 2.9244, 1.5391, 6.5373, 4.7289, 9.5506, 1.5334]",14.7126,"[13.7014, 14.7184, 2.3302, 2.1013, 14.6066, 2.7424, 1.0573, 7.4643, 5.3057, 8.9221, 0.7207]",14.6066
48,1,Samuel descubrió a una infiltrada en el museo en pocas horas.,False,,,False,"[13.2918, 12.4559, 1.5655, 2.937, 14.9731, 2.2768, 1.2501, 6.3029, 4.5398, 9.4823, 1.6561]",14.9731,"[13.7014, 14.7184, 2.3302, 3.8631, 14.1131, 2.367, 1.0343, 7.4106, 5.079, 8.8264, 0.7383]",14.1131
48,2,Samuel descubrió a la tabla en el museo en pocas horas.,False,,,False,"[13.2918, 12.4559, 1.5655, 1.8757, 14.6659, 3.7433, 1.6387, 7.4271, 4.719, 9.59, 1.3351]",14.6659,"[13.7014, 14.7184, 2.3302, 2.1013, 14.8922, 4.1433, 1.3868, 8.1133, 5.455, 8.7858, 0.7676]",14.8922
48,3,Samuel descubrió la infiltrada en el museo en pocas horas.,False,,,False,"[13.2918, 12.4559, 2.8313, 14.562, 2.8741, 1.5736, 6.1102, 5.0863, 9.8029, 1.4646]",14.562,"[13.7014, 14.7184, 2.7305, 15.6616, 2.6599, 1.0038, 7.5752, 5.2311, 9.043, 0.6975]",15.6616
48,4,Samuel descubrió una infiltrada en el museo en pocas horas.,False,,,False,"[13.2918, 12.4559, 3.8756, 14.5514, 2.1709, 1.2779, 5.8558, 4.9597, 9.6663, 1.6033]",14.5514,"[13.7014, 14.7184, 3.9436, 15.2667, 2.2852, 0.9964, 7.4743, 4.9442, 8.9222, 0.7187]",15.2667
48,5,Samuel descubrió la tabla en el museo en pocas horas.,False,,,False,"[13.2918, 12.4559, 2.8313, 14.6149, 3.6029, 1.6734, 6.8023, 5.0251, 9.7695, 1.2574]",14.6149,"[13.7014, 14.7184, 2.7305, 16.0011, 4.0633, 1.2809, 8.132, 5.352, 8.9097, 0.7491]",16.0011
49,0,Alba mencionó a la actriz en el teatro tras varios minutos.,False,,,False,"[13.4028, 12.9704, 1.8104, 1.95, 14.654, 1.9899, 1.3431, 6.4386, 4.2676, 5.6017, 5.2236]",14.654,"[13.9729, 14.5063, 2.7503, 1.7977, 14.8869, 3.596, 1.0668, 6.1957, 6.2356, 5.4685, 4.2199]",14.8869
49,1,Alba mencionó a una actriz en el teatro tras varios minutos.,False,,,False,"[13.4028, 12.9704, 1.8104, 3.3252, 14.4817, 1.8076, 1.1081, 6.7277, 4.3767, 5.4265, 5.2891]",14.4817,"[13.9729, 14.5063, 2.7503, 4.432, 14.445, 3.7013, 1.0155, 6.2615, 6.1937, 5.5275, 4.1227]",14.445
49,2,Alba mencionó a la ciudad en el teatro tras varios minutos.,False,,,False,"[13.4028, 12.9704, 1.8104, 1.95, 14.9141, 2.6447, 1.2623, 6.1039, 6.3411, 5.7368, 4.906]",14.9141,"[13.9729, 14.5063, 2.7503, 1.7977, 16.5684, 4.187, 1.0016, 6.3221, 6.2576, 5.4673, 4.3111]",16.5684
49,3,Alba mencionó la actriz en el teatro tras varios minutos.,False,,,False,"[13.4028, 12.9704, 3.3505, 14.9298, 2.4674, 1.4179, 6.2234, 4.1835, 5.6681, 4.9503]",14.9298,"[13.9729, 14.5063, 4.1053, 16.5716, 3.6308, 1.039, 6.1643, 6.3923, 5.396, 4.1615]",16.5716
49,4,Alba mencionó una actriz en el teatro tras varios minutos.,False,,,False,"[13.4028, 12.9704, 4.2685, 14.8463, 1.7197, 1.1135, 6.0998, 4.3954, 5.5757, 4.9998]",14.8463,"[13.9729, 14.5063, 5.3516, 16.9194, 3.6776, 0.9958, 6.1965, 6.3459, 5.4728, 4.0555]",16.9194
49,5,Alba mencionó la ciudad en el teatro tras varios minutos.,False,,,False,"[13.4028, 12.9704, 3.3505, 14.7452, 3.3168, 1.3018, 6.2176, 6.1751, 5.9011, 4.7307]",14.7452,"[13.9729, 14.5063, 4.1053, 18.1851, 4.0218, 0.9545, 6.2835, 6.438, 5.3717, 4.2479]",18.1851
