acceptability,id,type,live_row,sentence,subject_nr,catalan,latin,animate,indefinite,affected,DOM
0,16,5,0,Valentina venció la resistencia en la guerra en dos años.,10,0,1,0,0,1,0
3,39,5,1,Valeria admiró la escenografía en el teatro durante el concierto.,10,0,1,0,0,0,0
0,19,5,2,Lucas arrastró la carreta en la calle por un tiempo.,10,0,1,0,0,1,0
1,46,5,3,Alejandro identificó la amenaza en el aeropuerto en dos horas.,10,0,1,0,0,0,0
2,29,2,4,Alfonso miró a la estrella en la colina durante dos horas.,10,0,1,0,0,0,1
0,0,4,5,Juan golpeó una actriz en la calle en diez segundos.,10,0,1,1,1,1,0
1,17,3,6,Luis zarandeó la mujer en la casa durante algunos minutos.,10,0,1,1,0,1,0
0,2,3,7,Simón pateó la jugadora en la cancha en un instante.,10,0,1,1,0,1,0
0,43,1,8,Sofía conoció a una chica en el colegio en dos días.,10,0,1,1,1,0,1
0,40,3,9,Adrián percibió la mujer detrás de él durante algunos minutos.,10,0,1,1,0,0,0
1,25,0,10,Pedro observó a la secretaria en la oficina durante una hora.,10,0,1,1,0,0,1
2,12,3,11,Paula abatió la contrincante en el ring en pocos minutos.,10,0,1,1,0,1,0
2,47,1,12,Marta descartó a una aspirante en la selección en un día.,10,0,1,1,1,0,1
4,30,2,13,Carlos esperó a la furgoneta en la esquina durante una hora.,10,0,1,0,0,0,1
2,27,1,14,Felipe anunció a una cantante en el escenario en cinco minutos.,10,0,1,1,1,0,1
1,49,4,15,Alba mencionó una actriz en el teatro tras varios minutos.,10,0,1,1,1,0,0
1,10,4,16,Mateo eliminó una rehén en el banco en pocos segundos.,10,0,1,1,1,1,0
2,20,0,17,Claudia maltrató a la compañera en la casa durante varios años.,10,0,1,1,0,1,1
3,21,5,18,Hugo apaleó la muñeca en la calle durante varios minutos.,10,0,1,0,0,1,0
0,24,2,19,Coral guió a la decisión en el palacio en una hora.,10,0,1,0,0,1,1
0,13,0,20,Martina atropelló a la anciana en el aparcamiento en pocos minutos.,10,0,1,1,0,1,1
1,14,5,21,Helena derribó la barrera en el campo durante el partido.,10,0,1,0,0,1,0
1,1,1,22,Carlos asaltó a una conductora en el barrio en pocos instantes.,10,0,1,1,1,1,1
2,28,2,23,Anna comprendió a la tarea en la escuela en dos minutos.,10,0,1,0,0,0,1
1,6,1,24,Francisco besó a una novia en la iglesia durante unos segundos.,10,0,1,1,1,1,1
3,18,4,25,María transportó una mochilera en la furgoneta durante un día.,10,0,1,1,1,1,0
2,38,3,26,Unai amó la jovencita en su pueblo durante varios años.,10,0,1,1,0,0,0
1,36,3,27,Irene oyó la niña en la sala durante una noche.,10,0,1,1,0,0,0
1,26,5,28,Juan escuchó la alarma en el balcón durante una noche.,10,0,1,0,0,0,0
1,15,2,29,Lucía destrozó a la mesa en el bar en diez minutos.,10,0,1,0,0,1,1
1,7,4,30,Tomás empujó una vieja a la puerta en pocos segundos.,10,0,1,1,1,1,0
3,42,0,31,Ismael encontró a la conocida en la carretera en pocas horas.,10,0,1,1,0,0,1
0,5,0,32,Manuel abrazó a la señora en el parque en pocos instantes.,10,0,1,1,0,1,1
4,41,1,33,Emma investigó a una empresaria en la ciudad durante varias semanas.,10,0,1,1,1,0,1
2,9,4,34,Carlos quemó una bruja en la plaza en pocos minutos.,10,0,1,1,1,1,0
3,35,5,35,Carlos vigiló la operación en la habitación durante unas horas.,10,0,1,0,0,0,0
4,37,2,36,Isabel vió a la tormenta desde su ventana durante una mañana.,10,0,1,0,0,0,1
3,45,3,37,Gabriela localizó la amiga en la ciudad en dos minutos.,10,0,1,1,0,0,0
2,32,3,38,Martín buscó la médica en el hospital durante dos horas.,10,0,1,1,0,0,0
4,11,4,39,Valeria neutralizó una criminal en la frontera en cinco minutos.,10,0,1,1,1,1,0
1,23,0,40,Daniel remolcó a la enferma en la calle durante algunos minutos.,10,0,1,1,0,1,1
4,3,4,41,Pablo secuestró una turista en el aeropuerto durante una hora.,10,0,1,1,1,1,0
1,33,2,42,Marco imaginó a la fiesta en la playa durante dos minutos.,10,0,1,0,0,0,1
3,44,0,43,Martín detectó a la intrusa en el hospital en dos minutos.,10,0,1,1,0,0,1
2,4,5,44,Jorge arrolló la valla en la calle en un segundo.,10,0,1,0,0,1,0
2,22,1,45,Carla asedió a una contrincante en la región durante bastante tiempo.,10,0,1,1,1,1,1
3,8,0,46,Helena colgó a la criminal en el patio en cinco minutos.,10,0,1,1,0,1,1
4,48,0,47,Samuel descubrió a la infiltrada en el museo en pocas horas.,10,0,1,1,0,0,1
1,34,1,48,Carmen odió a una vendedora en el cine durante la película.,10,0,1,1,1,0,1
1,31,2,49,Miguel recibió a la caja en la casa en un día.,10,0,1,0,0,0,1
1,17,1,0,Luis zarandeó a una mujer en la casa durante algunos minutos.,11,0,0,1,1,1,1
4,36,5,1,Irene oyó la discusión en la sala durante una noche.,11,0,0,0,0,0,0
1,5,0,2,Manuel abrazó a la señora en el parque en pocos instantes.,11,0,0,1,0,1,1
1,10,4,3,Mateo eliminó una rehén en el banco en pocos segundos.,11,0,0,1,1,1,0
2,27,4,4,Felipe anunció una cantante en el escenario en cinco minutos.,11,0,0,1,1,0,0
3,12,0,5,Paula abatió a la contrincante en el ring en pocos minutos.,11,0,0,1,0,1,1
2,11,5,6,Valeria neutralizó la bomba en la frontera en cinco minutos.,11,0,0,0,0,1,0
1,15,1,7,Lucía destrozó a una oponente en el bar en diez minutos.,11,0,0,1,1,1,1
1,2,1,8,Simón pateó a una jugadora en la cancha en un instante.,11,0,0,1,1,1,1
1,29,1,9,Alfonso miró a una granjera en la colina durante dos horas.,11,0,0,1,1,0,1
1,19,3,10,Lucas arrastró la víctima en la calle por un tiempo.,11,0,0,1,0,1,0
0,20,2,11,Claudia maltrató a la camiseta en la casa durante varios años.,11,0,0,0,0,1,1
1,24,3,12,Coral guió la turista en el palacio en una hora.,11,0,0,1,0,1,0
1,0,5,13,Juan golpeó la piedra en la calle en diez segundos.,11,0,0,0,0,1,0
2,14,2,14,Helena derribó a la barrera en el campo durante el partido.,11,0,0,0,0,1,1
0,22,0,15,Carla asedió a la contrincante en la región durante bastante tiempo.,11,0,0,1,0,1,1
3,18,4,16,María transportó una mochilera en la furgoneta durante un día.,11,0,0,1,1,1,0
1,1,0,17,Carlos asaltó a la conductora en el barrio en pocos instantes.,11,0,0,1,0,1,1
2,38,5,18,Unai amó la vida en su pueblo durante varios años.,11,0,0,0,0,0,0
4,30,1,19,Carlos esperó a una profesora en la esquina durante una hora.,11,0,0,1,1,0,1
4,39,0,20,Valeria admiró a la cantante en el teatro durante el concierto.,11,0,0,1,0,0,1
1,16,5,21,Valentina venció la resistencia en la guerra en dos años.,11,0,0,0,0,1,0
1,33,1,22,Marco imaginó a una amiga en la playa durante dos minutos.,11,0,0,1,1,0,1
3,35,3,23,Carlos vigiló la niña en la habitación durante unas horas.,11,0,0,1,0,0,0
3,42,1,24,Ismael encontró a una conocida en la carretera en pocas horas.,11,0,0,1,1,0,1
1,4,4,25,Jorge arrolló una ciclista en la calle en un segundo.,11,0,0,1,1,1,0
1,26,2,26,Juan escuchó a la alarma en el balcón durante una noche.,11,0,0,0,0,0,1
1,25,3,27,Pedro observó la secretaria en la oficina durante una hora.,11,0,0,1,0,0,0
1,46,4,28,Alejandro identificó una agresora en el aeropuerto en dos horas.,11,0,0,1,1,0,0
1,21,3,29,Hugo apaleó la rebelde en la calle durante varios minutos.,11,0,0,1,0,1,0
4,40,5,30,Adrián percibió la sombra detrás de él durante algunos minutos.,11,0,0,0,0,0,0
3,49,0,31,Alba mencionó a la actriz en el teatro tras varios minutos.,11,0,0,1,0,0,1
1,48,2,32,Samuel descubrió a la tabla en el museo en pocas horas.,11,0,0,0,0,0,1
4,43,5,33,Sofía conoció la verdad en el colegio en dos días.,11,0,0,0,0,0,0
4,31,5,34,Miguel recibió la caja en la casa en un día.,11,0,0,0,0,0,0
1,28,2,35,Anna comprendió a la tarea en la escuela en dos minutos.,11,0,0,0,0,0,1
4,34,2,36,Carmen odió a la música en el cine durante la película.,11,0,0,0,0,0,1
2,47,4,37,Marta descartó una aspirante en la selección en un día.,11,0,0,1,1,0,0
4,45,0,38,Gabriela localizó a la amiga en la ciudad en dos minutos.,11,0,0,1,0,0,1
3,6,3,39,Francisco besó la novia en la iglesia durante unos segundos.,11,0,0,1,0,1,0
1,9,2,40,Carlos quemó a la página en la plaza en pocos minutos.,11,0,0,0,0,1,1
4,44,0,41,Martín detectó a la intrusa en el hospital en dos minutos.,11,0,0,1,0,0,1
4,37,1,42,Isabel vió a una estudiante desde su ventana durante una mañana.,11,0,0,1,1,0,1
2,8,3,43,Helena colgó la criminal en el patio en cinco minutos.,11,0,0,1,0,1,0
4,13,4,44,Martina atropelló una anciana en el aparcamiento en pocos minutos.,11,0,0,1,1,1,0
3,7,4,45,Tomás empujó una vieja a la puerta en pocos segundos.,11,0,0,1,1,1,0
4,32,0,46,Martín buscó a la médica en el hospital durante dos horas.,11,0,0,1,0,0,1
4,23,5,47,Daniel remolcó la motocicleta en la calle durante algunos minutos.,11,0,0,0,0,1,0
3,3,3,48,Pablo secuestró la turista en el aeropuerto durante una hora.,11,0,0,1,0,1,0
3,41,2,49,Emma investigó a la epidemia en la ciudad durante varias semanas.,11,0,0,0,0,0,1
0,3,2,0,Pablo secuestró a la camioneta en el aeropuerto durante una hora.,12,1,0,0,0,1,1
1,1,2,1,Carlos asaltó a la camioneta en el barrio en pocos instantes.,12,1,0,0,0,1,1
4,44,3,2,Martín detectó la intrusa en el hospital en dos minutos.,12,1,0,1,0,0,0
0,16,2,3,Valentina venció a la resistencia en la guerra en dos años.,12,1,0,0,0,1,1
3,17,1,4,Luis zarandeó a una mujer en la casa durante algunos minutos.,12,1,0,1,1,1,1
1,33,2,5,Marco imaginó a la fiesta en la playa durante dos minutos.,12,1,0,0,0,0,1
4,46,5,6,Alejandro identificó la amenaza en el aeropuerto en dos horas.,12,1,0,0,0,0,0
2,22,1,7,Carla asedió a una contrincante en la región durante bastante tiempo.,12,1,0,1,1,1,1
0,40,2,8,Adrián percibió a la sombra detrás de él durante algunos minutos.,12,1,0,0,0,0,1
0,10,2,9,Mateo eliminó a la carpeta en el banco en pocos segundos.,12,1,0,0,0,1,1
4,25,4,10,Pedro observó una secretaria en la oficina durante una hora.,12,1,0,1,1,0,0
0,23,0,11,Daniel remolcó a la enferma en la calle durante algunos minutos.,12,1,0,1,0,1,1
3,34,4,12,Carmen odió una vendedora en el cine durante la película.,12,1,0,1,1,0,0
1,6,4,13,Francisco besó una novia en la iglesia durante unos segundos.,12,1,0,1,1,1,0
0,38,0,14,Unai amó a la jovencita en su pueblo durante varios años.,12,1,0,1,0,0,1
2,39,1,15,Valeria admiró a una cantante en el teatro durante el concierto.,12,1,0,1,1,0,1
4,29,3,16,Alfonso miró la granjera en la colina durante dos horas.,12,1,0,1,0,0,0
2,13,1,17,Martina atropelló a una anciana en el aparcamiento en pocos minutos.,12,1,0,1,1,1,1
1,24,5,18,Coral guió la decisión en el palacio en una hora.,12,1,0,0,0,1,0
4,48,4,19,Samuel descubrió una infiltrada en el museo en pocas horas.,12,1,0,1,1,0,0
1,43,0,20,Sofía conoció a la chica en el colegio en dos días.,12,1,0,1,0,0,1
4,35,5,21,Carlos vigiló la operación en la habitación durante unas horas.,12,1,0,0,0,0,0
1,42,5,22,Ismael encontró la dificultad en la carretera en pocas horas.,12,1,0,0,0,0,0
2,20,0,23,Claudia maltrató a la compañera en la casa durante varios años.,12,1,0,1,0,1,1
4,41,4,24,Emma investigó una empresaria en la ciudad durante varias semanas.,12,1,0,1,1,0,0
1,15,5,25,Lucía destrozó la mesa en el bar en diez minutos.,12,1,0,0,0,1,0
2,30,5,26,Carlos esperó la furgoneta en la esquina durante una hora.,12,1,0,0,0,0,0
1,8,0,27,Helena colgó a la criminal en el patio en cinco minutos.,12,1,0,1,0,1,1
2,18,1,28,María transportó a una mochilera en la furgoneta durante un día.,12,1,0,1,1,1,1
4,49,4,29,Alba mencionó una actriz en el teatro tras varios minutos.,12,1,0,1,1,0,0
4,37,3,30,Isabel vió la estudiante desde su ventana durante una mañana.,12,1,0,1,0,0,0
2,36,0,31,Irene oyó a la niña en la sala durante una noche.,12,1,0,1,0,0,1
0,7,3,32,Tomás empujó la vieja a la puerta en pocos segundos.,12,1,0,1,0,1,0
0,47,4,33,Marta descartó una aspirante en la selección en un día.,12,1,0,1,1,0,0
4,21,2,34,Hugo apaleó a la muñeca en la calle durante varios minutos.,12,1,0,0,0,1,1
3,19,5,35,Lucas arrastró la carreta en la calle por un tiempo.,12,1,0,0,0,1,0
4,5,2,36,Manuel abrazó a la planta en el parque en pocos instantes.,12,1,0,0,0,1,1
2,26,4,37,Juan escuchó una vecina en el balcón durante una noche.,12,1,0,1,1,0,0
1,2,3,38,Simón pateó la jugadora en la cancha en un instante.,12,1,0,1,0,1,0
1,14,0,39,Helena derribó a la futbolista en el campo durante el partido.,12,1,0,1,0,1,1
1,28,3,40,Anna comprendió la maestra en la escuela en dos minutos.,12,1,0,1,0,0,0
0,31,0,41,Miguel recibió a la invitada en la casa en un día.,12,1,0,1,0,0,1
4,12,1,42,Paula abatió a una contrincante en el ring en pocos minutos.,12,1,0,1,1,1,1
4,4,3,43,Jorge arrolló la ciclista en la calle en un segundo.,12,1,0,1,0,1,0
1,45,5,44,Gabriela localizó la bodega en la ciudad en dos minutos.,12,1,0,0,0,0,0
3,32,1,45,Martín buscó a una médica en el hospital durante dos horas.,12,1,0,1,1,0,1
4,0,1,46,Juan golpeó a una actriz en la calle en diez segundos.,12,1,0,1,1,1,1
0,27,5,47,Felipe anunció la actuación en el escenario en cinco minutos.,12,1,0,0,0,0,0
1,9,0,48,Carlos quemó a la bruja en la plaza en pocos minutos.,12,1,0,1,0,1,1
1,11,3,49,Valeria neutralizó la criminal en la frontera en cinco minutos.,12,1,0,1,0,1,0
3,23,4,0,Daniel remolcó una enferma en la calle durante algunos minutos.,13,1,0,1,1,1,0
4,38,1,1,Unai amó a una jovencita en su pueblo durante varios años.,13,1,0,1,1,0,1
3,10,3,2,Mateo eliminó la rehén en el banco en pocos segundos.,13,1,0,1,0,1,0
4,46,1,3,Alejandro identificó a una agresora en el aeropuerto en dos horas.,13,1,0,1,1,0,1
4,0,4,4,Juan golpeó una actriz en la calle en diez segundos.,13,1,0,1,1,1,0
3,27,3,5,Felipe anunció la cantante en el escenario en cinco minutos.,13,1,0,1,0,0,0
4,40,1,6,Adrián percibió a una mujer detrás de él durante algunos minutos.,13,1,0,1,1,0,1
3,29,4,7,Alfonso miró una granjera en la colina durante dos horas.,13,1,0,1,1,0,0
4,21,2,8,Hugo apaleó a la muñeca en la calle durante varios minutos.,13,1,0,0,0,1,1
3,35,5,9,Carlos vigiló la operación en la habitación durante unas horas.,13,1,0,0,0,0,0
3,33,4,10,Marco imaginó una amiga en la playa durante dos minutos.,13,1,0,1,1,0,0
3,26,5,11,Juan escuchó la alarma en el balcón durante una noche.,13,1,0,0,0,0,0
4,25,2,12,Pedro observó a la planta en la oficina durante una hora.,13,1,0,0,0,0,1
3,12,4,13,Paula abatió una contrincante en el ring en pocos minutos.,13,1,0,1,1,1,0
3,20,2,14,Claudia maltrató a la camiseta en la casa durante varios años.,13,1,0,0,0,1,1
4,24,1,15,Coral guió a una turista en el palacio en una hora.,13,1,0,1,1,1,1
1,8,2,16,Helena colgó a la fotografía en el patio en cinco minutos.,13,1,0,0,0,1,1
3,45,4,17,Gabriela localizó una amiga en la ciudad en dos minutos.,13,1,0,1,1,0,0
1,4,2,18,Jorge arrolló a la valla en la calle en un segundo.,13,1,0,0,0,1,1
4,44,1,19,Martín detectó a una intrusa en el hospital en dos minutos.,13,1,0,1,1,0,1
3,9,3,20,Carlos quemó la bruja en la plaza en pocos minutos.,13,1,0,1,0,1,0
3,36,5,21,Irene oyó la discusión en la sala durante una noche.,13,1,0,0,0,0,0
3,5,2,22,Manuel abrazó a la planta en el parque en pocos instantes.,13,1,0,0,0,1,1
4,39,5,23,Valeria admiró la escenografía en el teatro durante el concierto.,13,1,0,0,0,0,0
3,19,3,24,Lucas arrastró la víctima en la calle por un tiempo.,13,1,0,1,0,1,0
3,37,0,25,Isabel vió a la estudiante desde su ventana durante una mañana.,13,1,0,1,0,0,1
4,42,0,26,Ismael encontró a la conocida en la carretera en pocas horas.,13,1,0,1,0,0,1
1,16,3,27,Valentina venció la adversaria en la guerra en dos años.,13,1,0,1,0,1,0
1,13,3,28,Martina atropelló la anciana en el aparcamiento en pocos minutos.,13,1,0,1,0,1,0
1,1,5,29,Carlos asaltó la camioneta en el barrio en pocos instantes.,13,1,0,0,0,1,0
4,43,0,30,Sofía conoció a la chica en el colegio en dos días.,13,1,0,1,0,0,1
4,48,5,31,Samuel descubrió la tabla en el museo en pocas horas.,13,1,0,0,0,0,0
3,41,2,32,Emma investigó a la epidemia en la ciudad durante varias semanas.,13,1,0,0,0,0,1
3,6,3,33,Francisco besó la novia en la iglesia durante unos segundos.,13,1,0,1,0,1,0
4,18,5,34,María transportó la guitarra en la furgoneta durante un día.,13,1,0,0,0,1,0
4,17,2,35,Luis zarandeó a la muñeca en la casa durante algunos minutos.,13,1,0,0,0,1,1
4,2,0,36,Simón pateó a la jugadora en la cancha en un instante.,13,1,0,1,0,1,1
4,32,1,37,Martín buscó a una médica en el hospital durante dos horas.,13,1,0,1,1,0,1
1,22,0,38,Carla asedió a la contrincante en la región durante bastante tiempo.,13,1,0,1,0,1,1
3,15,4,39,Lucía destrozó una oponente en el bar en diez minutos.,13,1,0,1,1,1,0
4,30,0,40,Carlos esperó a la profesora en la esquina durante una hora.,13,1,0,1,0,0,1
4,14,0,41,Helena derribó a la futbolista en el campo durante el partido.,13,1,0,1,0,1,1
4,7,0,42,Tomás empujó a la vieja a la puerta en pocos segundos.,13,1,0,1,0,1,1
2,34,1,43,Carmen odió a una vendedora en el cine durante la película.,13,1,0,1,1,0,1
4,49,0,44,Alba mencionó a la actriz en el teatro tras varios minutos.,13,1,0,1,0,0,1
4,11,5,45,Valeria neutralizó la bomba en la frontera en cinco minutos.,13,1,0,0,0,1,0
3,31,3,46,Miguel recibió la invitada en la casa en un día.,13,1,0,1,0,0,0
3,47,4,47,Marta descartó una aspirante en la selección en un día.,13,1,0,1,1,0,0
4,3,5,48,Pablo secuestró la camioneta en el aeropuerto durante una hora.,13,1,0,0,0,1,0
4,28,1,49,Anna comprendió a una maestra en la escuela en dos minutos.,13,1,0,1,1,0,1
3,17,1,0,Luis zarandeó a una mujer en la casa durante algunos minutos.,14,1,0,1,1,1,1
4,32,3,1,Martín buscó la médica en el hospital durante dos horas.,14,1,0,1,0,0,0
1,48,2,2,Samuel descubrió a la tabla en el museo en pocas horas.,14,1,0,0,0,0,1
4,39,2,3,Valeria admiró a la escenografía en el teatro durante el concierto.,14,1,0,0,0,0,1
2,27,5,4,Felipe anunció la actuación en el escenario en cinco minutos.,14,1,0,0,0,0,0
3,28,2,5,Anna comprendió a la tarea en la escuela en dos minutos.,14,1,0,0,0,0,1
4,30,1,6,Carlos esperó a una profesora en la esquina durante una hora.,14,1,0,1,1,0,1
3,49,0,7,Alba mencionó a la actriz en el teatro tras varios minutos.,14,1,0,1,0,0,1
4,20,1,8,Claudia maltrató a una compañera en la casa durante varios años.,14,1,0,1,1,1,1
3,3,3,9,Pablo secuestró la turista en el aeropuerto durante una hora.,14,1,0,1,0,1,0
4,29,0,10,Alfonso miró a la granjera en la colina durante dos horas.,14,1,0,1,0,0,1
3,10,3,11,Mateo eliminó la rehén en el banco en pocos segundos.,14,1,0,1,0,1,0
3,26,4,12,Juan escuchó una vecina en el balcón durante una noche.,14,1,0,1,1,0,0
4,12,0,13,Paula abatió a la contrincante en el ring en pocos minutos.,14,1,0,1,0,1,1
4,11,5,14,Valeria neutralizó la bomba en la frontera en cinco minutos.,14,1,0,0,0,1,0
4,2,2,15,Simón pateó a la pelota en la cancha en un instante.,14,1,0,0,0,1,1
1,42,4,16,Ismael encontró una conocida en la carretera en pocas horas.,14,1,0,1,1,0,0
0,47,5,17,Marta descartó la sospecha en la selección en un día.,14,1,0,0,0,0,0
3,37,4,18,Isabel vió una estudiante desde su ventana durante una mañana.,14,1,0,1,1,0,0
2,44,4,19,Martín detectó una intrusa en el hospital en dos minutos.,14,1,0,1,1,0,0
4,21,2,20,Hugo apaleó a la muñeca en la calle durante varios minutos.,14,1,0,0,0,1,1
3,24,1,21,Coral guió a una turista en el palacio en una hora.,14,1,0,1,1,1,1
4,25,0,22,Pedro observó a la secretaria en la oficina durante una hora.,14,1,0,1,0,0,1
0,13,2,23,Martina atropelló a la carreta en el aparcamiento en pocos minutos.,14,1,0,0,0,1,1
1,34,2,24,Carmen odió a la música en el cine durante la película.,14,1,0,0,0,0,1
4,18,5,25,María transportó la guitarra en la furgoneta durante un día.,14,1,0,0,0,1,0
1,5,0,26,Manuel abrazó a la señora en el parque en pocos instantes.,14,1,0,1,0,1,1
1,23,0,27,Daniel remolcó a la enferma en la calle durante algunos minutos.,14,1,0,1,0,1,1
3,36,5,28,Irene oyó la discusión en la sala durante una noche.,14,1,0,0,0,0,0
1,31,5,29,Miguel recibió la caja en la casa en un día.,14,1,0,0,0,0,0
2,9,3,30,Carlos quemó la bruja en la plaza en pocos minutos.,14,1,0,1,0,1,0
3,16,1,31,Valentina venció a una adversaria en la guerra en dos años.,14,1,0,1,1,1,1
4,45,5,32,Gabriela localizó la bodega en la ciudad en dos minutos.,14,1,0,0,0,0,0
2,1,1,33,Carlos asaltó a una conductora en el barrio en pocos instantes.,14,1,0,1,1,1,1
2,46,4,34,Alejandro identificó una agresora en el aeropuerto en dos horas.,14,1,0,1,1,0,0
2,33,3,35,Marco imaginó la amiga en la playa durante dos minutos.,14,1,0,1,0,0,0
3,40,5,36,Adrián percibió la sombra detrás de él durante algunos minutos.,14,1,0,0,0,0,0
1,22,3,37,Carla asedió la contrincante en la región durante bastante tiempo.,14,1,0,1,0,1,0
1,8,4,38,Helena colgó una criminal en el patio en cinco minutos.,14,1,0,1,1,1,0
2,38,0,39,Unai amó a la jovencita en su pueblo durante varios años.,14,1,0,1,0,0,1
3,43,4,40,Sofía conoció una chica en el colegio en dos días.,14,1,0,1,1,0,0
2,7,4,41,Tomás empujó una vieja a la puerta en pocos segundos.,14,1,0,1,1,1,0
4,15,3,42,Lucía destrozó la oponente en el bar en diez minutos.,14,1,0,1,0,1,0
1,6,3,43,Francisco besó la novia en la iglesia durante unos segundos.,14,1,0,1,0,1,0
3,4,1,44,Jorge arrolló a una ciclista en la calle en un segundo.,14,1,0,1,1,1,1
2,41,5,45,Emma investigó la epidemia en la ciudad durante varias semanas.,14,1,0,0,0,0,0
4,19,1,46,Lucas arrastró a una víctima en la calle por un tiempo.,14,1,0,1,1,1,1
4,14,0,47,Helena derribó a la futbolista en el campo durante el partido.,14,1,0,1,0,1,1
3,35,2,48,Carlos vigiló a la operación en la habitación durante unas horas.,14,1,0,0,0,0,1
2,0,0,49,Juan golpeó a la actriz en la calle en diez segundos.,14,1,0,1,0,1,1
3,40,0,0,Adrián percibió a la mujer detrás de él durante algunos minutos.,15,0,0,1,0,0,1
1,45,3,1,Gabriela localizó la amiga en la ciudad en dos minutos.,15,0,0,1,0,0,0
3,21,2,2,Hugo apaleó a la muñeca en la calle durante varios minutos.,15,0,0,0,0,1,1
1,43,2,3,Sofía conoció a la verdad en el colegio en dos días.,15,0,0,0,0,0,1
2,33,0,4,Marco imaginó a la amiga en la playa durante dos minutos.,15,0,0,1,0,0,1
3,18,5,5,María transportó la guitarra en la furgoneta durante un día.,15,0,0,0,0,1,0
0,7,4,6,Tomás empujó una vieja a la puerta en pocos segundos.,15,0,0,1,1,1,0
4,36,1,7,Irene oyó a una niña en la sala durante una noche.,15,0,0,1,1,0,1
3,16,1,8,Valentina venció a una adversaria en la guerra en dos años.,15,0,0,1,1,1,1
4,38,1,9,Unai amó a una jovencita en su pueblo durante varios años.,15,0,0,1,1,0,1
1,4,3,10,Jorge arrolló la ciclista en la calle en un segundo.,15,0,0,1,0,1,0
1,14,2,11,Helena derribó a la barrera en el campo durante el partido.,15,0,0,0,0,1,1
2,49,0,12,Alba mencionó a la actriz en el teatro tras varios minutos.,15,0,0,1,0,0,1
4,17,2,13,Luis zarandeó a la muñeca en la casa durante algunos minutos.,15,0,0,0,0,1,1
3,34,5,14,Carmen odió la música en el cine durante la película.,15,0,0,0,0,0,0
4,10,1,15,Mateo eliminó a una rehén en el banco en pocos segundos.,15,0,0,1,1,1,1
1,22,0,16,Carla asedió a la contrincante en la región durante bastante tiempo.,15,0,0,1,0,1,1
4,37,5,17,Isabel vió la tormenta desde su ventana durante una mañana.,15,0,0,0,0,0,0
1,27,3,18,Felipe anunció la cantante en el escenario en cinco minutos.,15,0,0,1,0,0,0
0,44,2,19,Martín detectó a la enfermedad en el hospital en dos minutos.,15,0,0,0,0,0,1
4,1,0,20,Carlos asaltó a la conductora en el barrio en pocos instantes.,15,0,0,1,0,1,1
4,3,1,21,Pablo secuestró a una turista en el aeropuerto durante una hora.,15,0,0,1,1,1,1
2,29,2,22,Alfonso miró a la estrella en la colina durante dos horas.,15,0,0,0,0,0,1
1,0,4,23,Juan golpeó una actriz en la calle en diez segundos.,15,0,0,1,1,1,0
3,25,3,24,Pedro observó la secretaria en la oficina durante una hora.,15,0,0,1,0,0,0
3,6,5,25,Francisco besó la cruz en la iglesia durante unos segundos.,15,0,0,0,0,1,0
1,23,2,26,Daniel remolcó a la motocicleta en la calle durante algunos minutos.,15,0,0,0,0,1,1
2,31,5,27,Miguel recibió la caja en la casa en un día.,15,0,0,0,0,0,0
4,46,0,28,Alejandro identificó a la agresora en el aeropuerto en dos horas.,15,0,0,1,0,0,1
3,13,1,29,Martina atropelló a una anciana en el aparcamiento en pocos minutos.,15,0,0,1,1,1,1
4,48,0,30,Samuel descubrió a la infiltrada en el museo en pocas horas.,15,0,0,1,0,0,1
1,11,3,31,Valeria neutralizó la criminal en la frontera en cinco minutos.,15,0,0,1,0,1,0
4,20,1,32,Claudia maltrató a una compañera en la casa durante varios años.,15,0,0,1,1,1,1
1,26,3,33,Juan escuchó la vecina en el balcón durante una noche.,15,0,0,1,0,0,0
1,42,4,34,Ismael encontró una conocida en la carretera en pocas horas.,15,0,0,1,1,0,0
2,32,0,35,Martín buscó a la médica en el hospital durante dos horas.,15,0,0,1,0,0,1
4,41,5,36,Emma investigó la epidemia en la ciudad durante varias semanas.,15,0,0,0,0,0,0
1,28,3,37,Anna comprendió la maestra en la escuela en dos minutos.,15,0,0,1,0,0,0
0,24,0,38,Coral guió a la turista en el palacio en una hora.,15,0,0,1,0,1,1
1,30,4,39,Carlos esperó una profesora en la esquina durante una hora.,15,0,0,1,1,0,0
3,19,1,40,Lucas arrastró a una víctima en la calle por un tiempo.,15,0,0,1,1,1,1
0,39,5,41,Valeria admiró la escenografía en el teatro durante el concierto.,15,0,0,0,0,0,0
1,15,2,42,Lucía destrozó a la mesa en el bar en diez minutos.,15,0,0,0,0,1,1
2,47,4,43,Marta descartó una aspirante en la selección en un día.,15,0,0,1,1,0,0
3,12,3,44,Paula abatió la contrincante en el ring en pocos minutos.,15,0,0,1,0,1,0
3,8,5,45,Helena colgó la fotografía en el patio en cinco minutos.,15,0,0,0,0,1,0
1,5,4,46,Manuel abrazó una señora en el parque en pocos instantes.,15,0,0,1,1,1,0
1,35,4,47,Carlos vigiló una niña en la habitación durante unas horas.,15,0,0,1,1,0,0
3,2,4,48,Simón pateó una jugadora en la cancha en un instante.,15,0,0,1,1,1,0
3,9,5,49,Carlos quemó la página en la plaza en pocos minutos.,15,0,0,0,0,1,0
2,8,3,0,Helena colgó la criminal en el patio en cinco minutos.,16,0,0,1,0,1,0
2,18,3,1,María transportó la mochilera en la furgoneta durante un día.,16,0,0,1,0,1,0
2,37,3,2,Isabel vió la estudiante desde su ventana durante una mañana.,16,0,0,1,0,0,0
3,31,5,3,Miguel recibió la caja en la casa en un día.,16,0,0,0,0,0,0
3,33,0,4,Marco imaginó a la amiga en la playa durante dos minutos.,16,0,0,1,0,0,1
3,27,1,5,Felipe anunció a una cantante en el escenario en cinco minutos.,16,0,0,1,1,0,1
4,6,0,6,Francisco besó a la novia en la iglesia durante unos segundos.,16,0,0,1,0,1,1
2,15,4,7,Lucía destrozó una oponente en el bar en diez minutos.,16,0,0,1,1,1,0
4,16,0,8,Valentina venció a la adversaria en la guerra en dos años.,16,0,0,1,0,1,1
2,17,3,9,Luis zarandeó la mujer en la casa durante algunos minutos.,16,0,0,1,0,1,0
1,44,2,10,Martín detectó a la enfermedad en el hospital en dos minutos.,16,0,0,0,0,0,1
2,0,0,11,Juan golpeó a la actriz en la calle en diez segundos.,16,0,0,1,0,1,1
2,11,3,12,Valeria neutralizó la criminal en la frontera en cinco minutos.,16,0,0,1,0,1,0
3,12,3,13,Paula abatió la contrincante en el ring en pocos minutos.,16,0,0,1,0,1,0
3,49,1,14,Alba mencionó a una actriz en el teatro tras varios minutos.,16,0,0,1,1,0,1
2,1,2,15,Carlos asaltó a la camioneta en el barrio en pocos instantes.,16,0,0,0,0,1,1
1,9,2,16,Carlos quemó a la página en la plaza en pocos minutos.,16,0,0,0,0,1,1
4,3,5,17,Pablo secuestró la camioneta en el aeropuerto durante una hora.,16,0,0,0,0,1,0
1,22,5,18,Carla asedió la ciudad en la región durante bastante tiempo.,16,0,0,0,0,1,0
1,10,2,19,Mateo eliminó a la carpeta en el banco en pocos segundos.,16,0,0,0,0,1,1
2,24,0,20,Coral guió a la turista en el palacio en una hora.,16,0,0,1,0,1,1
3,5,5,21,Manuel abrazó la planta en el parque en pocos instantes.,16,0,0,0,0,1,0
1,47,4,22,Marta descartó una aspirante en la selección en un día.,16,0,0,1,1,0,0
2,13,5,23,Martina atropelló la carreta en el aparcamiento en pocos minutos.,16,0,0,0,0,1,0
1,34,0,24,Carmen odió a la vendedora en el cine durante la película.,16,0,0,1,0,0,1
3,4,1,25,Jorge arrolló a una ciclista en la calle en un segundo.,16,0,0,1,1,1,1
3,39,2,26,Valeria admiró a la escenografía en el teatro durante el concierto.,16,0,0,0,0,0,1
3,48,1,27,Samuel descubrió a una infiltrada en el museo en pocas horas.,16,0,0,1,1,0,1
2,36,3,28,Irene oyó la niña en la sala durante una noche.,16,0,0,1,0,0,0
2,14,4,29,Helena derribó una futbolista en el campo durante el partido.,16,0,0,1,1,1,0
1,23,4,30,Daniel remolcó una enferma en la calle durante algunos minutos.,16,0,0,1,1,1,0
2,20,2,31,Claudia maltrató a la camiseta en la casa durante varios años.,16,0,0,0,0,1,1
4,25,1,32,Pedro observó a una secretaria en la oficina durante una hora.,16,0,0,1,1,0,1
2,19,0,33,Lucas arrastró a la víctima en la calle por un tiempo.,16,0,0,1,0,1,1
4,40,5,34,Adrián percibió la sombra detrás de él durante algunos minutos.,16,0,0,0,0,0,0
2,38,2,35,Unai amó a la vida en su pueblo durante varios años.,16,0,0,0,0,0,1
3,43,5,36,Sofía conoció la verdad en el colegio en dos días.,16,0,0,0,0,0,0
2,42,4,37,Ismael encontró una conocida en la carretera en pocas horas.,16,0,0,1,1,0,0
3,30,4,38,Carlos esperó una profesora en la esquina durante una hora.,16,0,0,1,1,0,0
4,35,0,39,Carlos vigiló a la niña en la habitación durante unas horas.,16,0,0,1,0,0,1
4,29,2,40,Alfonso miró a la estrella en la colina durante dos horas.,16,0,0,0,0,0,1
3,7,1,41,Tomás empujó a una vieja a la puerta en pocos segundos.,16,0,0,1,1,1,1
2,46,3,42,Alejandro identificó la agresora en el aeropuerto en dos horas.,16,0,0,1,0,0,0
4,21,1,43,Hugo apaleó a una rebelde en la calle durante varios minutos.,16,0,0,1,1,1,1
4,41,1,44,Emma investigó a una empresaria en la ciudad durante varias semanas.,16,0,0,1,1,0,1
2,28,4,45,Anna comprendió una maestra en la escuela en dos minutos.,16,0,0,1,1,0,0
4,26,5,46,Juan escuchó la alarma en el balcón durante una noche.,16,0,0,0,0,0,0
2,45,4,47,Gabriela localizó una amiga en la ciudad en dos minutos.,16,0,0,1,1,0,0
4,32,0,48,Martín buscó a la médica en el hospital durante dos horas.,16,0,0,1,0,0,1
4,2,5,49,Simón pateó la pelota en la cancha en un instante.,16,0,0,0,0,1,0
4,19,0,0,Lucas arrastró a la víctima en la calle por un tiempo.,17,0,0,1,0,1,1
2,3,1,1,Pablo secuestró a una turista en el aeropuerto durante una hora.,17,0,0,1,1,1,1
1,47,1,2,Marta descartó a una aspirante en la selección en un día.,17,0,0,1,1,0,1
4,48,5,3,Samuel descubrió la tabla en el museo en pocas horas.,17,0,0,0,0,0,0
0,38,3,4,Unai amó la jovencita en su pueblo durante varios años.,17,0,0,1,0,0,0
1,25,4,5,Pedro observó una secretaria en la oficina durante una hora.,17,0,0,1,1,0,0
1,11,3,6,Valeria neutralizó la criminal en la frontera en cinco minutos.,17,0,0,1,0,1,0
1,6,3,7,Francisco besó la novia en la iglesia durante unos segundos.,17,0,0,1,0,1,0
0,34,2,8,Carmen odió a la música en el cine durante la película.,17,0,0,0,0,0,1
3,4,4,9,Jorge arrolló una ciclista en la calle en un segundo.,17,0,0,1,1,1,0
4,0,1,10,Juan golpeó a una actriz en la calle en diez segundos.,17,0,0,1,1,1,1
0,32,2,11,Martín buscó a la escalera en el hospital durante dos horas.,17,0,0,0,0,0,1
3,27,4,12,Felipe anunció una cantante en el escenario en cinco minutos.,17,0,0,1,1,0,0
4,46,5,13,Alejandro identificó la amenaza en el aeropuerto en dos horas.,17,0,0,0,0,0,0
3,16,4,14,Valentina venció una adversaria en la guerra en dos años.,17,0,0,1,1,1,0
3,28,3,15,Anna comprendió la maestra en la escuela en dos minutos.,17,0,0,1,0,0,0
1,44,2,16,Martín detectó a la enfermedad en el hospital en dos minutos.,17,0,0,0,0,0,1
0,5,4,17,Manuel abrazó una señora en el parque en pocos instantes.,17,0,0,1,1,1,0
1,29,4,18,Alfonso miró una granjera en la colina durante dos horas.,17,0,0,1,1,0,0
2,35,5,19,Carlos vigiló la operación en la habitación durante unas horas.,17,0,0,0,0,0,0
1,7,2,20,Tomás empujó a la silla a la puerta en pocos segundos.,17,0,0,0,0,1,1
2,13,3,21,Martina atropelló la anciana en el aparcamiento en pocos minutos.,17,0,0,1,0,1,0
4,37,0,22,Isabel vió a la estudiante desde su ventana durante una mañana.,17,0,0,1,0,0,1
4,40,5,23,Adrián percibió la sombra detrás de él durante algunos minutos.,17,0,0,0,0,0,0
0,18,3,24,María transportó la mochilera en la furgoneta durante un día.,17,0,0,1,0,1,0
1,2,4,25,Simón pateó una jugadora en la cancha en un instante.,17,0,0,1,1,1,0
4,41,5,26,Emma investigó la epidemia en la ciudad durante varias semanas.,17,0,0,0,0,0,0
4,14,5,27,Helena derribó la barrera en el campo durante el partido.,17,0,0,0,0,1,0
2,33,0,28,Marco imaginó a la amiga en la playa durante dos minutos.,17,0,0,1,0,0,1
3,30,4,29,Carlos esperó una profesora en la esquina durante una hora.,17,0,0,1,1,0,0
4,22,1,30,Carla asedió a una contrincante en la región durante bastante tiempo.,17,0,0,1,1,1,1
3,10,0,31,Mateo eliminó a la rehén en el banco en pocos segundos.,17,0,0,1,0,1,1
1,42,2,32,Ismael encontró a la dificultad en la carretera en pocas horas.,17,0,0,0,0,0,1
4,15,5,33,Lucía destrozó la mesa en el bar en diez minutos.,17,0,0,0,0,1,0
0,45,2,34,Gabriela localizó a la bodega en la ciudad en dos minutos.,17,0,0,0,0,0,1
4,1,1,35,Carlos asaltó a una conductora en el barrio en pocos instantes.,17,0,0,1,1,1,1
0,20,3,36,Claudia maltrató la compañera en la casa durante varios años.,17,0,0,1,0,1,0
0,9,2,37,Carlos quemó a la página en la plaza en pocos minutos.,17,0,0,0,0,1,1
1,26,3,38,Juan escuchó la vecina en el balcón durante una noche.,17,0,0,1,0,0,0
3,43,0,39,Sofía conoció a la chica en el colegio en dos días.,17,0,0,1,0,0,1
4,21,1,40,Hugo apaleó a una rebelde en la calle durante varios minutos.,17,0,0,1,1,1,1
3,24,0,41,Coral guió a la turista en el palacio en una hora.,17,0,0,1,0,1,1
2,31,5,42,Miguel recibió la caja en la casa en un día.,17,0,0,0,0,0,0
1,8,2,43,Helena colgó a la fotografía en el patio en cinco minutos.,17,0,0,0,0,1,1
4,23,1,44,Daniel remolcó a una enferma en la calle durante algunos minutos.,17,0,0,1,1,1,1
2,49,5,45,Alba mencionó la ciudad en el teatro tras varios minutos.,17,0,0,0,0,0,0
4,17,0,46,Luis zarandeó a la mujer en la casa durante algunos minutos.,17,0,0,1,0,1,1
4,39,0,47,Valeria admiró a la cantante en el teatro durante el concierto.,17,0,0,1,0,0,1
4,36,0,48,Irene oyó a la niña en la sala durante una noche.,17,0,0,1,0,0,1
4,12,1,49,Paula abatió a una contrincante en el ring en pocos minutos.,17,0,0,1,1,1,1
4,48,0,0,Samuel descubrió a la infiltrada en el museo en pocas horas.,18,0,1,1,0,0,1
3,42,5,1,Ismael encontró la dificultad en la carretera en pocas horas.,18,0,1,0,0,0,0
2,4,3,2,Jorge arrolló la ciclista en la calle en un segundo.,18,0,1,1,0,1,0
2,8,2,3,Helena colgó a la fotografía en el patio en cinco minutos.,18,0,1,0,0,1,1
4,6,1,4,Francisco besó a una novia en la iglesia durante unos segundos.,18,0,1,1,1,1,1
2,0,2,5,Juan golpeó a la piedra en la calle en diez segundos.,18,0,1,0,0,1,1
4,15,0,6,Lucía destrozó a la oponente en el bar en diez minutos.,18,0,1,1,0,1,1
4,21,1,7,Hugo apaleó a una rebelde en la calle durante varios minutos.,18,0,1,1,1,1,1
2,36,2,8,Irene oyó a la discusión en la sala durante una noche.,18,0,1,0,0,0,1
4,32,5,9,Martín buscó la escalera en el hospital durante dos horas.,18,0,1,0,0,0,0
4,45,5,10,Gabriela localizó la bodega en la ciudad en dos minutos.,18,0,1,0,0,0,0
2,25,2,11,Pedro observó a la planta en la oficina durante una hora.,18,0,1,0,0,0,1
2,33,0,12,Marco imaginó a la amiga en la playa durante dos minutos.,18,0,1,1,0,0,1
3,22,3,13,Carla asedió la contrincante en la región durante bastante tiempo.,18,0,1,1,0,1,0
1,38,0,14,Unai amó a la jovencita en su pueblo durante varios años.,18,0,1,1,0,0,1
1,10,5,15,Mateo eliminó la carpeta en el banco en pocos segundos.,18,0,1,0,0,1,0
2,3,5,16,Pablo secuestró la camioneta en el aeropuerto durante una hora.,18,0,1,0,0,1,0
2,35,3,17,Carlos vigiló la niña en la habitación durante unas horas.,18,0,1,1,0,0,0
4,26,5,18,Juan escuchó la alarma en el balcón durante una noche.,18,0,1,0,0,0,0
4,5,0,19,Manuel abrazó a la señora en el parque en pocos instantes.,18,0,1,1,0,1,1
1,11,3,20,Valeria neutralizó la criminal en la frontera en cinco minutos.,18,0,1,1,0,1,0
0,27,2,21,Felipe anunció a la actuación en el escenario en cinco minutos.,18,0,1,0,0,0,1
4,19,5,22,Lucas arrastró la carreta en la calle por un tiempo.,18,0,1,0,0,1,0
4,31,1,23,Miguel recibió a una invitada en la casa en un día.,18,0,1,1,1,0,1
2,34,3,24,Carmen odió la vendedora en el cine durante la película.,18,0,1,1,0,0,0
1,43,0,25,Sofía conoció a la chica en el colegio en dos días.,18,0,1,1,0,0,1
3,16,4,26,Valentina venció una adversaria en la guerra en dos años.,18,0,1,1,1,1,0
0,7,2,27,Tomás empujó a la silla a la puerta en pocos segundos.,18,0,1,0,0,1,1
1,29,4,28,Alfonso miró una granjera en la colina durante dos horas.,18,0,1,1,1,0,0
2,18,4,29,María transportó una mochilera en la furgoneta durante un día.,18,0,1,1,1,1,0
2,30,4,30,Carlos esperó una profesora en la esquina durante una hora.,18,0,1,1,1,0,0
1,13,3,31,Martina atropelló la anciana en el aparcamiento en pocos minutos.,18,0,1,1,0,1,0
2,47,5,32,Marta descartó la sospecha en la selección en un día.,18,0,1,0,0,0,0
4,41,1,33,Emma investigó a una empresaria en la ciudad durante varias semanas.,18,0,1,1,1,0,1
4,40,4,34,Adrián percibió una mujer detrás de él durante algunos minutos.,18,0,1,1,1,0,0
0,28,3,35,Anna comprendió la maestra en la escuela en dos minutos.,18,0,1,1,0,0,0
1,1,2,36,Carlos asaltó a la camioneta en el barrio en pocos instantes.,18,0,1,0,0,1,1
3,20,5,37,Claudia maltrató la camiseta en la casa durante varios años.,18,0,1,0,0,1,0
3,17,4,38,Luis zarandeó una mujer en la casa durante algunos minutos.,18,0,1,1,1,1,0
1,9,2,39,Carlos quemó a la página en la plaza en pocos minutos.,18,0,1,0,0,1,1
3,49,0,40,Alba mencionó a la actriz en el teatro tras varios minutos.,18,0,1,1,0,0,1
4,2,1,41,Simón pateó a una jugadora en la cancha en un instante.,18,0,1,1,1,1,1
0,37,3,42,Isabel vió la estudiante desde su ventana durante una mañana.,18,0,1,1,0,0,0
4,39,0,43,Valeria admiró a la cantante en el teatro durante el concierto.,18,0,1,1,0,0,1
4,46,0,44,Alejandro identificó a la agresora en el aeropuerto en dos horas.,18,0,1,1,0,0,1
2,23,1,45,Daniel remolcó a una enferma en la calle durante algunos minutos.,18,0,1,1,1,1,1
2,24,1,46,Coral guió a una turista en el palacio en una hora.,18,0,1,1,1,1,1
4,44,4,47,Martín detectó una intrusa en el hospital en dos minutos.,18,0,1,1,1,0,0
4,14,4,48,Helena derribó una futbolista en el campo durante el partido.,18,0,1,1,1,1,0
4,12,1,49,Paula abatió a una contrincante en el ring en pocos minutos.,18,0,1,1,1,1,1
3,11,0,0,Valeria neutralizó a la criminal en la frontera en cinco minutos.,19,0,1,1,0,1,1
4,26,4,1,Juan escuchó una vecina en el balcón durante una noche.,19,0,1,1,1,0,0
4,18,5,2,María transportó la guitarra en la furgoneta durante un día.,19,0,1,0,0,1,0
1,0,2,3,Juan golpeó a la piedra en la calle en diez segundos.,19,0,1,0,0,1,1
1,24,4,4,Coral guió una turista en el palacio en una hora.,19,0,1,1,1,1,0
4,15,5,5,Lucía destrozó la mesa en el bar en diez minutos.,19,0,1,0,0,1,0
1,43,0,6,Sofía conoció a la chica en el colegio en dos días.,19,0,1,1,0,0,1
4,29,3,7,Alfonso miró la granjera en la colina durante dos horas.,19,0,1,1,0,0,0
4,46,3,8,Alejandro identificó la agresora en el aeropuerto en dos horas.,19,0,1,1,0,0,0
4,17,5,9,Luis zarandeó la muñeca en la casa durante algunos minutos.,19,0,1,0,0,1,0
4,30,2,10,Carlos esperó a la furgoneta en la esquina durante una hora.,19,0,1,0,0,0,1
0,36,2,11,Irene oyó a la discusión en la sala durante una noche.,19,0,1,0,0,0,1
4,33,4,12,Marco imaginó una amiga en la playa durante dos minutos.,19,0,1,1,1,0,0
0,4,2,13,Jorge arrolló a la valla en la calle en un segundo.,19,0,1,0,0,1,1
4,8,5,14,Helena colgó la fotografía en el patio en cinco minutos.,19,0,1,0,0,1,0
4,20,1,15,Claudia maltrató a una compañera en la casa durante varios años.,19,0,1,1,1,1,1
4,37,5,16,Isabel vió la tormenta desde su ventana durante una mañana.,19,0,1,0,0,0,0
4,40,1,17,Adrián percibió a una mujer detrás de él durante algunos minutos.,19,0,1,1,1,0,1
4,32,1,18,Martín buscó a una médica en el hospital durante dos horas.,19,0,1,1,1,0,1
0,10,2,19,Mateo eliminó a la carpeta en el banco en pocos segundos.,19,0,1,0,0,1,1
3,13,0,20,Martina atropelló a la anciana en el aparcamiento en pocos minutos.,19,0,1,1,0,1,1
0,45,3,21,Gabriela localizó la amiga en la ciudad en dos minutos.,19,0,1,1,0,0,0
4,42,0,22,Ismael encontró a la conocida en la carretera en pocas horas.,19,0,1,1,0,0,1
4,23,0,23,Daniel remolcó a la enferma en la calle durante algunos minutos.,19,0,1,1,0,1,1
4,12,4,24,Paula abatió una contrincante en el ring en pocos minutos.,19,0,1,1,1,1,0
3,14,4,25,Helena derribó una futbolista en el campo durante el partido.,19,0,1,1,1,1,0
0,47,0,26,Marta descartó a la aspirante en la selección en un día.,19,0,1,1,0,0,1
1,7,0,27,Tomás empujó a la vieja a la puerta en pocos segundos.,19,0,1,1,0,1,1
4,1,3,28,Carlos asaltó la conductora en el barrio en pocos instantes.,19,0,1,1,0,1,0
3,38,1,29,Unai amó a una jovencita en su pueblo durante varios años.,19,0,1,1,1,0,1
1,31,1,30,Miguel recibió a una invitada en la casa en un día.,19,0,1,1,1,0,1
1,22,2,31,Carla asedió a la ciudad en la región durante bastante tiempo.,19,0,1,0,0,1,1
4,44,5,32,Martín detectó la enfermedad en el hospital en dos minutos.,19,0,1,0,0,0,0
4,21,5,33,Hugo apaleó la muñeca en la calle durante varios minutos.,19,0,1,0,0,1,0
3,3,3,34,Pablo secuestró la turista en el aeropuerto durante una hora.,19,0,1,1,0,1,0
3,2,4,35,Simón pateó una jugadora en la cancha en un instante.,19,0,1,1,1,1,0
4,35,5,36,Carlos vigiló la operación en la habitación durante unas horas.,19,0,1,0,0,0,0
3,39,2,37,Valeria admiró a la escenografía en el teatro durante el concierto.,19,0,1,0,0,0,1
4,48,1,38,Samuel descubrió a una infiltrada en el museo en pocas horas.,19,0,1,1,1,0,1
4,5,0,39,Manuel abrazó a la señora en el parque en pocos instantes.,19,0,1,1,0,1,1
4,9,5,40,Carlos quemó la página en la plaza en pocos minutos.,19,0,1,0,0,1,0
3,28,1,41,Anna comprendió a una maestra en la escuela en dos minutos.,19,0,1,1,1,0,1
0,19,3,42,Lucas arrastró la víctima en la calle por un tiempo.,19,0,1,1,0,1,0
0,34,2,43,Carmen odió a la música en el cine durante la película.,19,0,1,0,0,0,1
3,49,4,44,Alba mencionó una actriz en el teatro tras varios minutos.,19,0,1,1,1,0,0
4,41,1,45,Emma investigó a una empresaria en la ciudad durante varias semanas.,19,0,1,1,1,0,1
1,27,4,46,Felipe anunció una cantante en el escenario en cinco minutos.,19,0,1,1,1,0,0
1,6,3,47,Francisco besó la novia en la iglesia durante unos segundos.,19,0,1,1,0,1,0
4,25,0,48,Pedro observó a la secretaria en la oficina durante una hora.,19,0,1,1,0,0,1
1,16,3,49,Valentina venció la adversaria en la guerra en dos años.,19,0,1,1,0,1,0
0,27,2,0,Felipe anunció a la actuación en el escenario en cinco minutos.,20,1,0,0,0,0,1
2,9,0,1,Carlos quemó a la bruja en la plaza en pocos minutos.,20,1,0,1,0,1,1
3,11,5,2,Valeria neutralizó la bomba en la frontera en cinco minutos.,20,1,0,0,0,1,0
4,3,1,3,Pablo secuestró a una turista en el aeropuerto durante una hora.,20,1,0,1,1,1,1
1,36,4,4,Irene oyó una niña en la sala durante una noche.,20,1,0,1,1,0,0
3,10,1,5,Mateo eliminó a una rehén en el banco en pocos segundos.,20,1,0,1,1,1,1
4,12,1,6,Paula abatió a una contrincante en el ring en pocos minutos.,20,1,0,1,1,1,1
3,42,0,7,Ismael encontró a la conocida en la carretera en pocas horas.,20,1,0,1,0,0,1
4,35,4,8,Carlos vigiló una niña en la habitación durante unas horas.,20,1,0,1,1,0,0
3,28,5,9,Anna comprendió la tarea en la escuela en dos minutos.,20,1,0,0,0,0,0
4,37,0,10,Isabel vió a la estudiante desde su ventana durante una mañana.,20,1,0,1,0,0,1
3,1,3,11,Carlos asaltó la conductora en el barrio en pocos instantes.,20,1,0,1,0,1,0
1,5,5,12,Manuel abrazó la planta en el parque en pocos instantes.,20,1,0,0,0,1,0
1,6,1,13,Francisco besó a una novia en la iglesia durante unos segundos.,20,1,0,1,1,1,1
4,29,0,14,Alfonso miró a la granjera en la colina durante dos horas.,20,1,0,1,0,0,1
0,31,3,15,Miguel recibió la invitada en la casa en un día.,20,1,0,1,0,0,0
4,19,1,16,Lucas arrastró a una víctima en la calle por un tiempo.,20,1,0,1,1,1,1
3,17,0,17,Luis zarandeó a la mujer en la casa durante algunos minutos.,20,1,0,1,0,1,1
1,13,5,18,Martina atropelló la carreta en el aparcamiento en pocos minutos.,20,1,0,0,0,1,0
0,14,3,19,Helena derribó la futbolista en el campo durante el partido.,20,1,0,1,0,1,0
1,22,2,20,Carla asedió a la ciudad en la región durante bastante tiempo.,20,1,0,0,0,1,1
1,15,5,21,Lucía destrozó la mesa en el bar en diez minutos.,20,1,0,0,0,1,0
0,24,2,22,Coral guió a la decisión en el palacio en una hora.,20,1,0,0,0,1,1
4,32,3,23,Martín buscó la médica en el hospital durante dos horas.,20,1,0,1,0,0,0
2,34,2,24,Carmen odió a la música en el cine durante la película.,20,1,0,0,0,0,1
4,23,1,25,Daniel remolcó a una enferma en la calle durante algunos minutos.,20,1,0,1,1,1,1
1,46,2,26,Alejandro identificó a la amenaza en el aeropuerto en dos horas.,20,1,0,0,0,0,1
3,39,4,27,Valeria admiró una cantante en el teatro durante el concierto.,20,1,0,1,1,0,0
1,21,4,28,Hugo apaleó una rebelde en la calle durante varios minutos.,20,1,0,1,1,1,0
0,7,0,29,Tomás empujó a la vieja a la puerta en pocos segundos.,20,1,0,1,0,1,1
4,30,0,30,Carlos esperó a la profesora en la esquina durante una hora.,20,1,0,1,0,0,1
4,25,1,31,Pedro observó a una secretaria en la oficina durante una hora.,20,1,0,1,1,0,1
4,18,5,32,María transportó la guitarra en la furgoneta durante un día.,20,1,0,0,0,1,0
1,20,4,33,Claudia maltrató una compañera en la casa durante varios años.,20,1,0,1,1,1,0
0,47,5,34,Marta descartó la sospecha en la selección en un día.,20,1,0,0,0,0,0
2,16,5,35,Valentina venció la resistencia en la guerra en dos años.,20,1,0,0,0,1,0
1,0,3,36,Juan golpeó la actriz en la calle en diez segundos.,20,1,0,1,0,1,0
3,26,4,37,Juan escuchó una vecina en el balcón durante una noche.,20,1,0,1,1,0,0
3,2,0,38,Simón pateó a la jugadora en la cancha en un instante.,20,1,0,1,0,1,1
0,40,2,39,Adrián percibió a la sombra detrás de él durante algunos minutos.,20,1,0,0,0,0,1
1,38,0,40,Unai amó a la jovencita en su pueblo durante varios años.,20,1,0,1,0,0,1
3,41,4,41,Emma investigó una empresaria en la ciudad durante varias semanas.,20,1,0,1,1,0,0
0,33,2,42,Marco imaginó a la fiesta en la playa durante dos minutos.,20,1,0,0,0,0,1
3,44,3,43,Martín detectó la intrusa en el hospital en dos minutos.,20,1,0,1,0,0,0
3,49,5,44,Alba mencionó la ciudad en el teatro tras varios minutos.,20,1,0,0,0,0,0
1,48,2,45,Samuel descubrió a la tabla en el museo en pocas horas.,20,1,0,0,0,0,1
4,8,4,46,Helena colgó una criminal en el patio en cinco minutos.,20,1,0,1,1,1,0
4,45,3,47,Gabriela localizó la amiga en la ciudad en dos minutos.,20,1,0,1,0,0,0
3,43,3,48,Sofía conoció la chica en el colegio en dos días.,20,1,0,1,0,0,0
3,4,1,49,Jorge arrolló a una ciclista en la calle en un segundo.,20,1,0,1,1,1,1
1,31,1,0,Miguel recibió a una invitada en la casa en un día.,21,0,0,1,1,0,1
0,16,4,1,Valentina venció una adversaria en la guerra en dos años.,21,0,0,1,1,1,0
4,12,1,2,Paula abatió a una contrincante en el ring en pocos minutos.,21,0,0,1,1,1,1
3,35,4,3,Carlos vigiló una niña en la habitación durante unas horas.,21,0,0,1,1,0,0
3,5,0,4,Manuel abrazó a la señora en el parque en pocos instantes.,21,0,0,1,0,1,1
3,0,4,5,Juan golpeó una actriz en la calle en diez segundos.,21,0,0,1,1,1,0
0,14,3,6,Helena derribó la futbolista en el campo durante el partido.,21,0,0,1,0,1,0
4,30,1,7,Carlos esperó a una profesora en la esquina durante una hora.,21,0,0,1,1,0,1
2,26,2,8,Juan escuchó a la alarma en el balcón durante una noche.,21,0,0,0,0,0,1
2,2,3,9,Simón pateó la jugadora en la cancha en un instante.,21,0,0,1,0,1,0
4,22,1,10,Carla asedió a una contrincante en la región durante bastante tiempo.,21,0,0,1,1,1,1
1,45,3,11,Gabriela localizó la amiga en la ciudad en dos minutos.,21,0,0,1,0,0,0
2,28,5,12,Anna comprendió la tarea en la escuela en dos minutos.,21,0,0,0,0,0,0
2,17,4,13,Luis zarandeó una mujer en la casa durante algunos minutos.,21,0,0,1,1,1,0
4,19,1,14,Lucas arrastró a una víctima en la calle por un tiempo.,21,0,0,1,1,1,1
3,36,5,15,Irene oyó la discusión en la sala durante una noche.,21,0,0,0,0,0,0
1,18,4,16,María transportó una mochilera en la furgoneta durante un día.,21,0,0,1,1,1,0
4,32,1,17,Martín buscó a una médica en el hospital durante dos horas.,21,0,0,1,1,0,1
2,29,0,18,Alfonso miró a la granjera en la colina durante dos horas.,21,0,0,1,0,0,1
0,38,2,19,Unai amó a la vida en su pueblo durante varios años.,21,0,0,0,0,0,1
0,20,5,20,Claudia maltrató la camiseta en la casa durante varios años.,21,0,0,0,0,1,0
0,41,2,21,Emma investigó a la epidemia en la ciudad durante varias semanas.,21,0,0,0,0,0,1
1,37,3,22,Isabel vió la estudiante desde su ventana durante una mañana.,21,0,0,1,0,0,0
1,44,5,23,Martín detectó la enfermedad en el hospital en dos minutos.,21,0,0,0,0,0,0
0,24,1,24,Coral guió a una turista en el palacio en una hora.,21,0,0,1,1,1,1
2,6,3,25,Francisco besó la novia en la iglesia durante unos segundos.,21,0,0,1,0,1,0
0,8,0,26,Helena colgó a la criminal en el patio en cinco minutos.,21,0,0,1,0,1,1
4,25,0,27,Pedro observó a la secretaria en la oficina durante una hora.,21,0,0,1,0,0,1
0,40,2,28,Adrián percibió a la sombra detrás de él durante algunos minutos.,21,0,0,0,0,0,1
0,47,4,29,Marta descartó una aspirante en la selección en un día.,21,0,0,1,1,0,0
0,43,2,30,Sofía conoció a la verdad en el colegio en dos días.,21,0,0,0,0,0,1
3,4,2,31,Jorge arrolló a la valla en la calle en un segundo.,21,0,0,0,0,1,1
3,49,0,32,Alba mencionó a la actriz en el teatro tras varios minutos.,21,0,0,1,0,0,1
2,9,0,33,Carlos quemó a la bruja en la plaza en pocos minutos.,21,0,0,1,0,1,1
2,23,0,34,Daniel remolcó a la enferma en la calle durante algunos minutos.,21,0,0,1,0,1,1
1,1,0,35,Carlos asaltó a la conductora en el barrio en pocos instantes.,21,0,0,1,0,1,1
2,3,0,36,Pablo secuestró a la turista en el aeropuerto durante una hora.,21,0,0,1,0,1,1
0,10,5,37,Mateo eliminó la carpeta en el banco en pocos segundos.,21,0,0,0,0,1,0
0,33,2,38,Marco imaginó a la fiesta en la playa durante dos minutos.,21,0,0,0,0,0,1
3,11,4,39,Valeria neutralizó una criminal en la frontera en cinco minutos.,21,0,0,1,1,1,0
3,27,5,40,Felipe anunció la actuación en el escenario en cinco minutos.,21,0,0,0,0,0,0
3,48,5,41,Samuel descubrió la tabla en el museo en pocas horas.,21,0,0,0,0,0,0
0,13,5,42,Martina atropelló la carreta en el aparcamiento en pocos minutos.,21,0,0,0,0,1,0
0,42,1,43,Ismael encontró a una conocida en la carretera en pocas horas.,21,0,0,1,1,0,1
0,7,2,44,Tomás empujó a la silla a la puerta en pocos segundos.,21,0,0,0,0,1,1
4,46,3,45,Alejandro identificó la agresora en el aeropuerto en dos horas.,21,0,0,1,0,0,0
4,21,4,46,Hugo apaleó una rebelde en la calle durante varios minutos.,21,0,0,1,1,1,0
3,39,3,47,Valeria admiró la cantante en el teatro durante el concierto.,21,0,0,1,0,0,0
1,34,3,48,Carmen odió la vendedora en el cine durante la película.,21,0,0,1,0,0,0
3,15,5,49,Lucía destrozó la mesa en el bar en diez minutos.,21,0,0,0,0,1,0
4,13,2,0,Martina atropelló a la carreta en el aparcamiento en pocos minutos.,22,1,0,0,0,1,1
4,29,0,1,Alfonso miró a la granjera en la colina durante dos horas.,22,1,0,1,0,0,1
3,31,3,2,Miguel recibió la invitada en la casa en un día.,22,1,0,1,0,0,0
4,35,5,3,Carlos vigiló la operación en la habitación durante unas horas.,22,1,0,0,0,0,0
4,46,5,4,Alejandro identificó la amenaza en el aeropuerto en dos horas.,22,1,0,0,0,0,0
2,37,3,5,Isabel vió la estudiante desde su ventana durante una mañana.,22,1,0,1,0,0,0
4,49,5,6,Alba mencionó la ciudad en el teatro tras varios minutos.,22,1,0,0,0,0,0
2,2,2,7,Simón pateó a la pelota en la cancha en un instante.,22,1,0,0,0,1,1
4,15,5,8,Lucía destrozó la mesa en el bar en diez minutos.,22,1,0,0,0,1,0
4,12,5,9,Paula abatió la resistencia en el ring en pocos minutos.,22,1,0,0,0,1,0
4,1,0,10,Carlos asaltó a la conductora en el barrio en pocos instantes.,22,1,0,1,0,1,1
2,26,1,11,Juan escuchó a una vecina en el balcón durante una noche.,22,1,0,1,1,0,1
4,17,2,12,Luis zarandeó a la muñeca en la casa durante algunos minutos.,22,1,0,0,0,1,1
4,14,3,13,Helena derribó la futbolista en el campo durante el partido.,22,1,0,1,0,1,0
4,7,4,14,Tomás empujó una vieja a la puerta en pocos segundos.,22,1,0,1,1,1,0
4,34,3,15,Carmen odió la vendedora en el cine durante la película.,22,1,0,1,0,0,0
4,16,1,16,Valentina venció a una adversaria en la guerra en dos años.,22,1,0,1,1,1,1
4,19,1,17,Lucas arrastró a una víctima en la calle por un tiempo.,22,1,0,1,1,1,1
4,30,1,18,Carlos esperó a una profesora en la esquina durante una hora.,22,1,0,1,1,0,1
4,21,3,19,Hugo apaleó la rebelde en la calle durante varios minutos.,22,1,0,1,0,1,0
4,3,4,20,Pablo secuestró una turista en el aeropuerto durante una hora.,22,1,0,1,1,1,0
4,10,5,21,Mateo eliminó la carpeta en el banco en pocos segundos.,22,1,0,0,0,1,0
3,5,3,22,Manuel abrazó la señora en el parque en pocos instantes.,22,1,0,1,0,1,0
3,47,4,23,Marta descartó una aspirante en la selección en un día.,22,1,0,1,1,0,0
4,32,0,24,Martín buscó a la médica en el hospital durante dos horas.,22,1,0,1,0,0,1
4,45,1,25,Gabriela localizó a una amiga en la ciudad en dos minutos.,22,1,0,1,1,0,1
2,36,0,26,Irene oyó a la niña en la sala durante una noche.,22,1,0,1,0,0,1
2,28,4,27,Anna comprendió una maestra en la escuela en dos minutos.,22,1,0,1,1,0,0
4,22,5,28,Carla asedió la ciudad en la región durante bastante tiempo.,22,1,0,0,0,1,0
4,11,4,29,Valeria neutralizó una criminal en la frontera en cinco minutos.,22,1,0,1,1,1,0
2,42,2,30,Ismael encontró a la dificultad en la carretera en pocas horas.,22,1,0,0,0,0,1
4,27,1,31,Felipe anunció a una cantante en el escenario en cinco minutos.,22,1,0,1,1,0,1
2,18,2,32,María transportó a la guitarra en la furgoneta durante un día.,22,1,0,0,0,1,1
3,39,2,33,Valeria admiró a la escenografía en el teatro durante el concierto.,22,1,0,0,0,0,1
4,9,1,34,Carlos quemó a una bruja en la plaza en pocos minutos.,22,1,0,1,1,1,1
4,48,0,35,Samuel descubrió a la infiltrada en el museo en pocas horas.,22,1,0,1,0,0,1
3,43,3,36,Sofía conoció la chica en el colegio en dos días.,22,1,0,1,0,0,0
4,38,4,37,Unai amó una jovencita en su pueblo durante varios años.,22,1,0,1,1,0,0
4,33,0,38,Marco imaginó a la amiga en la playa durante dos minutos.,22,1,0,1,0,0,1
2,41,3,39,Emma investigó la empresaria en la ciudad durante varias semanas.,22,1,0,1,0,0,0
4,6,5,40,Francisco besó la cruz en la iglesia durante unos segundos.,22,1,0,0,0,1,0
2,4,2,41,Jorge arrolló a la valla en la calle en un segundo.,22,1,0,0,0,1,1
1,20,4,42,Claudia maltrató una compañera en la casa durante varios años.,22,1,0,1,1,1,0
2,24,1,43,Coral guió a una turista en el palacio en una hora.,22,1,0,1,1,1,1
3,25,2,44,Pedro observó a la planta en la oficina durante una hora.,22,1,0,0,0,0,1
4,0,0,45,Juan golpeó a la actriz en la calle en diez segundos.,22,1,0,1,0,1,1
4,40,5,46,Adrián percibió la sombra detrás de él durante algunos minutos.,22,1,0,0,0,0,0
4,44,0,47,Martín detectó a la intrusa en el hospital en dos minutos.,22,1,0,1,0,0,1
4,8,0,48,Helena colgó a la criminal en el patio en cinco minutos.,22,1,0,1,0,1,1
4,23,4,49,Daniel remolcó una enferma en la calle durante algunos minutos.,22,1,0,1,1,1,0
4,40,0,0,Adrián percibió a la mujer detrás de él durante algunos minutos.,23,0,0,1,0,0,1
2,7,5,1,Tomás empujó la silla a la puerta en pocos segundos.,23,0,0,0,0,1,0
1,41,4,2,Emma investigó una empresaria en la ciudad durante varias semanas.,23,0,0,1,1,0,0
1,42,4,3,Ismael encontró una conocida en la carretera en pocas horas.,23,0,0,1,1,0,0
4,35,0,4,Carlos vigiló a la niña en la habitación durante unas horas.,23,0,0,1,0,0,1
1,8,4,5,Helena colgó una criminal en el patio en cinco minutos.,23,0,0,1,1,1,0
1,23,0,6,Daniel remolcó a la enferma en la calle durante algunos minutos.,23,0,0,1,0,1,1
4,25,0,7,Pedro observó a la secretaria en la oficina durante una hora.,23,0,0,1,0,0,1
4,26,5,8,Juan escuchó la alarma en el balcón durante una noche.,23,0,0,0,0,0,0
0,28,4,9,Anna comprendió una maestra en la escuela en dos minutos.,23,0,0,1,1,0,0
0,32,1,10,Martín buscó a una médica en el hospital durante dos horas.,23,0,0,1,1,0,1
4,15,5,11,Lucía destrozó la mesa en el bar en diez minutos.,23,0,0,0,0,1,0
2,20,0,12,Claudia maltrató a la compañera en la casa durante varios años.,23,0,0,1,0,1,1
1,6,3,13,Francisco besó la novia en la iglesia durante unos segundos.,23,0,0,1,0,1,0
1,47,3,14,Marta descartó la aspirante en la selección en un día.,23,0,0,1,0,0,0
0,29,4,15,Alfonso miró una granjera en la colina durante dos horas.,23,0,0,1,1,0,0
0,44,2,16,Martín detectó a la enfermedad en el hospital en dos minutos.,23,0,0,0,0,0,1
0,4,3,17,Jorge arrolló la ciclista en la calle en un segundo.,23,0,0,1,0,1,0
0,12,3,18,Paula abatió la contrincante en el ring en pocos minutos.,23,0,0,1,0,1,0
3,34,0,19,Carmen odió a la vendedora en el cine durante la película.,23,0,0,1,0,0,1
4,1,0,20,Carlos asaltó a la conductora en el barrio en pocos instantes.,23,0,0,1,0,1,1
4,33,5,21,Marco imaginó la fiesta en la playa durante dos minutos.,23,0,0,0,0,0,0
4,17,1,22,Luis zarandeó a una mujer en la casa durante algunos minutos.,23,0,0,1,1,1,1
4,22,0,23,Carla asedió a la contrincante en la región durante bastante tiempo.,23,0,0,1,0,1,1
0,43,3,24,Sofía conoció la chica en el colegio en dos días.,23,0,0,1,0,0,0
3,21,5,25,Hugo apaleó la muñeca en la calle durante varios minutos.,23,0,0,0,0,1,0
0,36,2,26,Irene oyó a la discusión en la sala durante una noche.,23,0,0,0,0,0,1
4,27,5,27,Felipe anunció la actuación en el escenario en cinco minutos.,23,0,0,0,0,0,0
0,2,4,28,Simón pateó una jugadora en la cancha en un instante.,23,0,0,1,1,1,0
4,31,1,29,Miguel recibió a una invitada en la casa en un día.,23,0,0,1,1,0,1
0,39,3,30,Valeria admiró la cantante en el teatro durante el concierto.,23,0,0,1,0,0,0
0,0,4,31,Juan golpeó una actriz en la calle en diez segundos.,23,0,0,1,1,1,0
4,30,1,32,Carlos esperó a una profesora en la esquina durante una hora.,23,0,0,1,1,0,1
4,16,1,33,Valentina venció a una adversaria en la guerra en dos años.,23,0,0,1,1,1,1
4,13,5,34,Martina atropelló la carreta en el aparcamiento en pocos minutos.,23,0,0,0,0,1,0
4,10,1,35,Mateo eliminó a una rehén en el banco en pocos segundos.,23,0,0,1,1,1,1
1,48,2,36,Samuel descubrió a la tabla en el museo en pocas horas.,23,0,0,0,0,0,1
0,19,4,37,Lucas arrastró una víctima en la calle por un tiempo.,23,0,0,1,1,1,0
1,14,2,38,Helena derribó a la barrera en el campo durante el partido.,23,0,0,0,0,1,1
0,46,3,39,Alejandro identificó la agresora en el aeropuerto en dos horas.,23,0,0,1,0,0,0
1,3,2,40,Pablo secuestró a la camioneta en el aeropuerto durante una hora.,23,0,0,0,0,1,1
4,5,1,41,Manuel abrazó a una señora en el parque en pocos instantes.,23,0,0,1,1,1,1
4,18,1,42,María transportó a una mochilera en la furgoneta durante un día.,23,0,0,1,1,1,1
4,9,0,43,Carlos quemó a la bruja en la plaza en pocos minutos.,23,0,0,1,0,1,1
3,49,2,44,Alba mencionó a la ciudad en el teatro tras varios minutos.,23,0,0,0,0,0,1
0,24,5,45,Coral guió la decisión en el palacio en una hora.,23,0,0,0,0,1,0
0,37,2,46,Isabel vió a la tormenta desde su ventana durante una mañana.,23,0,0,0,0,0,1
1,38,3,47,Unai amó la jovencita en su pueblo durante varios años.,23,0,0,1,0,0,0
4,11,5,48,Valeria neutralizó la bomba en la frontera en cinco minutos.,23,0,0,0,0,1,0
1,45,2,49,Gabriela localizó a la bodega en la ciudad en dos minutos.,23,0,0,0,0,0,1
2,41,0,0,Emma investigó a la empresaria en la ciudad durante varias semanas.,24,1,0,1,0,0,1
1,24,3,1,Coral guió la turista en el palacio en una hora.,24,1,0,1,0,1,0
4,14,1,2,Helena derribó a una futbolista en el campo durante el partido.,24,1,0,1,1,1,1
4,9,1,3,Carlos quemó a una bruja en la plaza en pocos minutos.,24,1,0,1,1,1,1
1,37,0,4,Isabel vió a la estudiante desde su ventana durante una mañana.,24,1,0,1,0,0,1
1,42,4,5,Ismael encontró una conocida en la carretera en pocas horas.,24,1,0,1,1,0,0
1,25,2,6,Pedro observó a la planta en la oficina durante una hora.,24,1,0,0,0,0,1
2,31,3,7,Miguel recibió la invitada en la casa en un día.,24,1,0,1,0,0,0
2,40,4,8,Adrián percibió una mujer detrás de él durante algunos minutos.,24,1,0,1,1,0,0
4,21,1,9,Hugo apaleó a una rebelde en la calle durante varios minutos.,24,1,0,1,1,1,1
1,1,1,10,Carlos asaltó a una conductora en el barrio en pocos instantes.,24,1,0,1,1,1,1
2,39,1,11,Valeria admiró a una cantante en el teatro durante el concierto.,24,1,0,1,1,0,1
2,8,0,12,Helena colgó a la criminal en el patio en cinco minutos.,24,1,0,1,0,1,1
3,18,2,13,María transportó a la guitarra en la furgoneta durante un día.,24,1,0,0,0,1,1
4,12,2,14,Paula abatió a la resistencia en el ring en pocos minutos.,24,1,0,0,0,1,1
3,6,1,15,Francisco besó a una novia en la iglesia durante unos segundos.,24,1,0,1,1,1,1
3,29,3,16,Alfonso miró la granjera en la colina durante dos horas.,24,1,0,1,0,0,0
2,35,2,17,Carlos vigiló a la operación en la habitación durante unas horas.,24,1,0,0,0,0,1
1,30,5,18,Carlos esperó la furgoneta en la esquina durante una hora.,24,1,0,0,0,0,0
3,38,0,19,Unai amó a la jovencita en su pueblo durante varios años.,24,1,0,1,0,0,1
0,0,5,20,Juan golpeó la piedra en la calle en diez segundos.,24,1,0,0,0,1,0
0,4,5,21,Jorge arrolló la valla en la calle en un segundo.,24,1,0,0,0,1,0
0,5,1,22,Manuel abrazó a una señora en el parque en pocos instantes.,24,1,0,1,1,1,1
3,46,0,23,Alejandro identificó a la agresora en el aeropuerto en dos horas.,24,1,0,1,0,0,1
3,33,5,24,Marco imaginó la fiesta en la playa durante dos minutos.,24,1,0,0,0,0,0
1,48,5,25,Samuel descubrió la tabla en el museo en pocas horas.,24,1,0,0,0,0,0
0,13,2,26,Martina atropelló a la carreta en el aparcamiento en pocos minutos.,24,1,0,0,0,1,1
1,36,4,27,Irene oyó una niña en la sala durante una noche.,24,1,0,1,1,0,0
1,19,4,28,Lucas arrastró una víctima en la calle por un tiempo.,24,1,0,1,1,1,0
0,20,3,29,Claudia maltrató la compañera en la casa durante varios años.,24,1,0,1,0,1,0
3,44,4,30,Martín detectó una intrusa en el hospital en dos minutos.,24,1,0,1,1,0,0
0,22,0,31,Carla asedió a la contrincante en la región durante bastante tiempo.,24,1,0,1,0,1,1
3,10,0,32,Mateo eliminó a la rehén en el banco en pocos segundos.,24,1,0,1,0,1,1
1,23,3,33,Daniel remolcó la enferma en la calle durante algunos minutos.,24,1,0,1,0,1,0
2,27,3,34,Felipe anunció la cantante en el escenario en cinco minutos.,24,1,0,1,0,0,0
2,34,0,35,Carmen odió a la vendedora en el cine durante la película.,24,1,0,1,0,0,1
2,49,2,36,Alba mencionó a la ciudad en el teatro tras varios minutos.,24,1,0,0,0,0,1
3,16,5,37,Valentina venció la resistencia en la guerra en dos años.,24,1,0,0,0,1,0
3,11,2,38,Valeria neutralizó a la bomba en la frontera en cinco minutos.,24,1,0,0,0,1,1
3,45,5,39,Gabriela localizó la bodega en la ciudad en dos minutos.,24,1,0,0,0,0,0
0,2,3,40,Simón pateó la jugadora en la cancha en un instante.,24,1,0,1,0,1,0
3,15,3,41,Lucía destrozó la oponente en el bar en diez minutos.,24,1,0,1,0,1,0
0,28,4,42,Anna comprendió una maestra en la escuela en dos minutos.,24,1,0,1,1,0,0
3,47,1,43,Marta descartó a una aspirante en la selección en un día.,24,1,0,1,1,0,1
3,26,4,44,Juan escuchó una vecina en el balcón durante una noche.,24,1,0,1,1,0,0
0,43,2,45,Sofía conoció a la verdad en el colegio en dos días.,24,1,0,0,0,0,1
2,32,4,46,Martín buscó una médica en el hospital durante dos horas.,24,1,0,1,1,0,0
0,7,5,47,Tomás empujó la silla a la puerta en pocos segundos.,24,1,0,0,0,1,0
2,3,0,48,Pablo secuestró a la turista en el aeropuerto durante una hora.,24,1,0,1,0,1,1
2,17,5,49,Luis zarandeó la muñeca en la casa durante algunos minutos.,24,1,0,0,0,1,0
2,36,0,0,Irene oyó a la niña en la sala durante una noche.,26,1,0,1,0,0,1
1,22,5,1,Carla asedió la ciudad en la región durante bastante tiempo.,26,1,0,0,0,1,0
3,41,2,2,Emma investigó a la epidemia en la ciudad durante varias semanas.,26,1,0,0,0,0,1
3,48,5,3,Samuel descubrió la tabla en el museo en pocas horas.,26,1,0,0,0,0,0
0,12,5,4,Paula abatió la resistencia en el ring en pocos minutos.,26,1,0,0,0,1,0
0,11,2,5,Valeria neutralizó a la bomba en la frontera en cinco minutos.,26,1,0,0,0,1,1
4,14,1,6,Helena derribó a una futbolista en el campo durante el partido.,26,1,0,1,1,1,1
3,40,5,7,Adrián percibió la sombra detrás de él durante algunos minutos.,26,1,0,0,0,0,0
3,3,0,8,Pablo secuestró a la turista en el aeropuerto durante una hora.,26,1,0,1,0,1,1
0,33,4,9,Marco imaginó una amiga en la playa durante dos minutos.,26,1,0,1,1,0,0
3,26,4,10,Juan escuchó una vecina en el balcón durante una noche.,26,1,0,1,1,0,0
4,15,1,11,Lucía destrozó a una oponente en el bar en diez minutos.,26,1,0,1,1,1,1
0,8,0,12,Helena colgó a la criminal en el patio en cinco minutos.,26,1,0,1,0,1,1
1,24,3,13,Coral guió la turista en el palacio en una hora.,26,1,0,1,0,1,0
0,37,3,14,Isabel vió la estudiante desde su ventana durante una mañana.,26,1,0,1,0,0,0
0,5,2,15,Manuel abrazó a la planta en el parque en pocos instantes.,26,1,0,0,0,1,1
0,18,2,16,María transportó a la guitarra en la furgoneta durante un día.,26,1,0,0,0,1,1
3,43,4,17,Sofía conoció una chica en el colegio en dos días.,26,1,0,1,1,0,0
0,39,3,18,Valeria admiró la cantante en el teatro durante el concierto.,26,1,0,1,0,0,0
1,29,2,19,Alfonso miró a la estrella en la colina durante dos horas.,26,1,0,0,0,0,1
2,19,1,20,Lucas arrastró a una víctima en la calle por un tiempo.,26,1,0,1,1,1,1
2,13,3,21,Martina atropelló la anciana en el aparcamiento en pocos minutos.,26,1,0,1,0,1,0
4,17,0,22,Luis zarandeó a la mujer en la casa durante algunos minutos.,26,1,0,1,0,1,1
4,0,0,23,Juan golpeó a la actriz en la calle en diez segundos.,26,1,0,1,0,1,1
4,30,1,24,Carlos esperó a una profesora en la esquina durante una hora.,26,1,0,1,1,0,1
4,28,3,25,Anna comprendió la maestra en la escuela en dos minutos.,26,1,0,1,0,0,0
0,27,1,26,Felipe anunció a una cantante en el escenario en cinco minutos.,26,1,0,1,1,0,1
4,2,4,27,Simón pateó una jugadora en la cancha en un instante.,26,1,0,1,1,1,0
0,25,4,28,Pedro observó una secretaria en la oficina durante una hora.,26,1,0,1,1,0,0
4,4,4,29,Jorge arrolló una ciclista en la calle en un segundo.,26,1,0,1,1,1,0
0,10,0,30,Mateo eliminó a la rehén en el banco en pocos segundos.,26,1,0,1,0,1,1
0,20,5,31,Claudia maltrató la camiseta en la casa durante varios años.,26,1,0,0,0,1,0
0,47,4,32,Marta descartó una aspirante en la selección en un día.,26,1,0,1,1,0,0
2,1,1,33,Carlos asaltó a una conductora en el barrio en pocos instantes.,26,1,0,1,1,1,1
1,21,5,34,Hugo apaleó la muñeca en la calle durante varios minutos.,26,1,0,0,0,1,0
4,7,3,35,Tomás empujó la vieja a la puerta en pocos segundos.,26,1,0,1,0,1,0
2,49,1,36,Alba mencionó a una actriz en el teatro tras varios minutos.,26,1,0,1,1,0,1
3,9,5,37,Carlos quemó la página en la plaza en pocos minutos.,26,1,0,0,0,1,0
3,34,5,38,Carmen odió la música en el cine durante la película.,26,1,0,0,0,0,0
1,35,0,39,Carlos vigiló a la niña en la habitación durante unas horas.,26,1,0,1,0,0,1
4,45,1,40,Gabriela localizó a una amiga en la ciudad en dos minutos.,26,1,0,1,1,0,1
2,6,2,41,Francisco besó a la cruz en la iglesia durante unos segundos.,26,1,0,0,0,1,1
2,31,5,42,Miguel recibió la caja en la casa en un día.,26,1,0,0,0,0,0
4,23,2,43,Daniel remolcó a la motocicleta en la calle durante algunos minutos.,26,1,0,0,0,1,1
2,46,3,44,Alejandro identificó la agresora en el aeropuerto en dos horas.,26,1,0,1,0,0,0
0,38,3,45,Unai amó la jovencita en su pueblo durante varios años.,26,1,0,1,0,0,0
1,16,0,46,Valentina venció a la adversaria en la guerra en dos años.,26,1,0,1,0,1,1
2,44,2,47,Martín detectó a la enfermedad en el hospital en dos minutos.,26,1,0,0,0,0,1
3,42,0,48,Ismael encontró a la conocida en la carretera en pocas horas.,26,1,0,1,0,0,1
4,32,4,49,Martín buscó una médica en el hospital durante dos horas.,26,1,0,1,1,0,0
